IWZ9ZZC6,SNSD
IWZ9Z09D,Cao Thái Sơn
IWZ97Z8D,Saka Trương Tuyền
IWZAIIUC,Lê Trọng Hiếu
IWZ98IZ8,Giáng Tiên
IWZ9ZO7U,Lương Gia Huy
IWZ9ZI7W,Lương Bích Hữu
IWZ990I9,Tam Hổ
IWZ98O7W,Phan Mạnh Quỳnh
IWZ968UO,Hồ Quang Hiếu
IWZ9CD8B,Lương Khánh Vy
IWZ96C8U,Văn Mai Hương
IWZ97DB0,Sơn Tùng M-TP
IWZ96C86,Bích Phương
IWZ9ZECF,Phạm Trưởng
IWZ9ZCE7,Wanbi Tuấn Anh
IWZ9FE6A,Vương Anh Tú
IWZ9ZW66,Hiền Thục
IWZ9CO86,Anh Quân Idol
IWZ99A86,Trúc Nhân
IWZ9EDAE,Trương Thảo Nhi
IWZ99B00,Bảo Anh
IWZ97D7C,Hoài Lâm
IWZ9ZOE6,Hương Thủy
IWZ9ZOBC,Quang Lê
IWZ9DUBF,Phương Diễm Hạnh
IWZ9ZWA7,Như Quỳnh
IWZ9ZIEE,Trường Vũ
IWZ9D9BE,Lý Duy Vũ
IWZ9Z0F0,Cẩm Ly
IWZ9ZOUE,Hoài Linh
IWZ9ZUII,Mạnh Đình
IWZ9ZWUO,Mạnh Quỳnh
IWZ9ZIBU,Bảo Yến
IWZ9ZO6F,Hương Lan
IWZ97CD7,Vi Thảo
IWZ9Z977,Đông Đào
IWZ9ZWAW,Nguyễn Hưng
IWZ9ZOEI,Hà Phương
IWZ9ZOZA,Dương Ngọc Thái
IWZ9ZUDU,Ngọc Tuyền
IWZ9Z8OO,Hạ Vy
IWZ9Z0EU,Lệ Quyên
IWZ9ZB6O,Mai Thiên Vân
IWZ9ZWBO,Ý Lan
IWZAZBZW,Hoàng Oanh
IWZ9B78U,Degauss
IWZ968WF,Crazy Frog
11b0c8c2-9aa4-11e5-a61d-001eecc1ca2a,O-Zone
IWZ9Z9DO,Las Ketchup
IWZ9Z6DZ,Kylie Minogue
IWZ9B76A,Mabel
IWZ96UBE,Vengaboys
IWZ9DOOC,Fat Boy Slim
IWZ9Z6FA,Eiffel 65
IWZ96AAZ,Toy-Box
IWZ9ZZD8,Aqua
IWZ99WF8,Dream House
IWZ9ZC7C,Spice Girls
IWZ9ZO8A,Backstreet Boys
IWZ96EOO,Los del Río
IWZ96UB7,2 Unlimited
IWZ99WFU,Kaoma
IWZ9ZA68,Michael Jackson
IWZ9ZUAC,Boney M
IWZ9Z8A6,Various Artists
IWZ98BIC,Phạm Bảo Nam
IWZ98WBU,LEG
IWZ9ZOCD,Lady Gaga
IWZ96ODZ,Ricky J
IWZ9ZOC7,Enrique Iglesias
IWZ9ZEIF,Pitbull
IWZ9Z6F6,Lenka
IWZ96IC8,Cascada
IWZ9ZAW9,Orange Caramel
IWZ9ZZ98,Ciara
IWZ99WFO,Ann Winsborn
IWZ9ZW8F,F(x)
IWZ98Z88,B.A.P
IWZ9Z70O,SeungRi
IWZ989ZB,BTOB
IWZ96UE0,Girl's Day
IWZ9ZWII,BIGBANG
IWZ96E0D,Dok2
IWZ9ZWIA,2NE1
IWZ9ZOIB,G-Dragon
IWZ9DB6E,BTS (Bangtan Boys)
433e6cfe-9aa4-11e5-a243-001eecc1ca2a,Amber (F(x))
IWZ96WU7,Taeyeon
IWZ9ZZAU,SHINee
IWZAWB0B,Red Velvet
IWZ9ZWOZ,Brown Eyed Girls
IWZ9ZA78,Hyuna
IWZ9Z6FO,T-ARA
IWZ9ZUFW,Tae Yang
IWZ98OO7,Trouble Maker
IWZ98Z89,EXO
IWZA0AC8,GOT7
IWZ99AED,AOA
IWZ986AA,Exid
IWZ97ZIF,Apink
IWZ9Z97D,Miss A
IWZ9Z978,MBLAQ
IWZ9ZDAB,Seo In Young
IWZ9COFE,Song Haye
6665af50-9aa4-11e5-b452-001eecc1ca2a,PURFLES
6744f3a6-9aa4-11e5-b198-001eecc1ca2a,The Legend
67a5eb24-9aa4-11e5-aea1-001eecc1ca2a,Long:D
IWZ9ZA7O,Nine Muses
73b90966-9aa4-11e5-af5b-001eecc1ca2a,April
IWZAI0F6,The Barberettes
IWZ960E8,PSY
7c739d1c-9aa4-11e5-a443-001eecc1ca2a,Zion.T
IWZ9ZEA7,Will.i.am
IWZ9C6FU,Gaeko
IWZ97D8A,Ed Sheeran
IWZ98C6B,Girls' Generation-TTS
IWZ9789U,Ben
IWZ9ZWDZ,Kim Dong Wan
IWZ9Z7OZ,Sweet Sorrow
IWZ96WZ6,Lee Min Ho
IWZ9BD06,Park Bo Ram
IWZ9BEC0,Yerin Baek
IWZ980BC,Yoon Gun
IWZ9ZA7E,Nell
IWZ9ZU98,Byul
IWZ97WFB,Starship
IWZ9Z8EU,Lyn
IWZ9DEII,Shin Yongjae
IWZ9ZWII,BIGBANG
IWZ9D6EC,CL
IWZ9ZOZ6,Flo Rida
IWZ9EDOW,Sage The Gemini
IWZAO6O6,Lookas
IWZ96W98,Jason Derulo
IWZ9F67Z,Martin Garrix
c32fc50a-9aa4-11e5-8b1d-001eecc1ca2a,MOTi
IWZ9Z6OE,Fall Out Boy
c421085c-9aa4-11e5-a459-001eecc1ca2a,Dimitri Vegas & Like Mike
IWZAUDZD,Fetty Wap
IWZ9EFBB,DJ Snake
IWZ99W0C,AlunaGeorge
IWZ96AFA,David Guetta
IWZ9BIAZ,Dillon Francis
IWZ9ZOD8,Lil Jon
cbe93662-9aa4-11e5-8f68-001eecc1ca2a,TWICE
IWZAUZU9,G-Friend
IWZ9ZWOC,Đông Nhi
IWZA68ZA,Mei
IWZ9ZUU6,Noo Phước Thịnh
IWZ98DD0,Sĩ Thanh
IWZ9ZW6U,Hồ Ngọc Hà
IWZ9A86O,Zico
d432b17a-9aa4-11e5-bfb5-001eecc1ca2a,Babylon
IWZ9ZIU9,IU
IWZAOUFO,iKON
IWZ9FOE7,Lim Chang Jung
IWZ9ZUBB,Boyzone
IWZ9ZOIO,Toni Braxton
IWZ9ZOCF,Shayne Ward
IWZ9ZU0A,Westlife
e7666908-9aa4-11e5-bd54-001eecc1ca2a,Shakin' Stevens
IWZ96UAD,Trademark
IWZ9Z69C,M2M
IWZ9EWFC,The Cascades
IWZ96OZW,Marc Terenzi
IWZ9Z9D6,Laura Pausini
IWZ9ZBIO,Sarah Connor
IWZ9ZDF9,The Corrs
IWZ9Z796,Guy Sebastian
IWZAZU87,Who Is Fancy
IWZAW760,Meghan Trainor
IWZ98ABB,Ariana Grande
IWZAZZCA,Christopher
IWZ96DA8,Jessica Lowndes
fb3ef122-9aa4-11e5-b58b-001eecc1ca2a,Nico & Vinz
fbf6d7ba-9aa4-11e5-9075-001eecc1ca2a,Nathan Sykes
fc56c85e-9aa4-11e5-919b-001eecc1ca2a,Fleur East
IWZ9AA8W,Erik Hassle
IWZAW68W,Shawn Mendes
IWZ9ZZ8U,Christina Milian
IWZA00WD,Lil' Wayne
IWZ9ZAAC,Nick Carter
IWZ9ZOIC,Avril Lavigne
IWZ98DIU,Alyssa Reid
IWZ9980C,Foxes
IWZAWD00,Troye Sivan
IWZ9Z898,John Legend
IWZ96ZW0,Bruce Springsteen
IWZA68UF,Bích Chi
IWZ9D87I,Betty Who
IWZ9D7FF,Allday
0d10326c-9aa5-11e5-a8a2-001eecc1ca2a,Alex Hope
IWZ9ZO0C,Jeremih
0ee67946-9aa5-11e5-a6a7-001eecc1ca2a,J. Cole
IWZ9FI60,Ty Dolla $ign
IWZ9EUC6,Migos
IWZ98Z9A,Future
IWZ96I9I,Big Sean
IWZ9C69A,Feathers
IWZ96D8B,YG
IWZ9A8AC,Juicy J
IWZ9ZE8O,Twista
IWZ99EBZ,Jhene Aiko
IWZ96CZA,Peabo Bryson
IWZ9609Z,Roberta Flack
IWZ9ZOU7,Celine Dion
IWZ96U6W,V.Music
IWZ98UB0,Ái Phương
IWZ9ZBAW,Mạnh Quân
IWZ9ZUC7,Phương Linh
IWZ9ZW6Z,Hà Anh Tuấn
IWZ9609I,Thanh Bùi
IWZ9Z0F6,Hồ Quỳnh Hương
IWZ986I7,Kelly Chan
IWZ98Z7D,Yao Si Ting
IWZ97W0I,Emilia
IWZ9ZUFU,Bryan Adams
IWZ9Z6EF,Eagles
IWZ96OEC,Savage Garden
IWZ96FUA,Christina Perri
IWZ9Z089,Shontelle
IWZ96FC7,Jessie J
IWZ9ZZU7,Chad Kroeger
IWZ9ZOCE,Jason Mraz
IWZ96ZZ7,Bruno Mars
IWZ9E98Z,A Great Big World
IWZ9ZOCB,Christina Aguilera
IWZ9Z9ZC,Mariah Carey
IWZ968O8,Joy
IWZ96U7D,The Carpenters
IWZ96W77,Il Divo
IWZ97BE8,Tracy Wong
IWZ99WFC,Gerard Joling
IWZ96W6D,Guns N' Roses
IWZ96AZW,ATC
IWZ9Z0A9,S.H.E
41163092-9aa5-11e5-91f0-001eecc1ca2a,Simon & Garfunkel
IWZ986I6,Shane Filan
IWZ96DBO,Hero Band
IWZ97IEU,Michael Learns To Rock
IWZ9ZOD0,Jesse McCartney
IWZ9ZEU0,Timbaland
IWZ9ZDBZ,One Republic
IWZ966U7,Billy Currington
IWZ9Z9DC,Mark Ronson
IWZ9A807,Avery Wilson
IWZ9ZO97,Demi Lovato
IWZ9AD0W,Walk The Moon
IWZAZUI0,Rachel Platten
IWZAZIUU,Lost Frequencies
5d2b0ce8-9aa5-11e5-86ab-001eecc1ca2a,Janieck Devy
IWZ99OAA,Hardwell
IWZ97DFI,Chris Jones
IWZ99UIZ,Zedd
IWZAZI6F,Jon Bellion
IWZ96A67,Avicii
IWZAUFDE,Robin Schulz
627dc8d4-9aa5-11e5-8837-001eecc1ca2a,Francesco Yates
IWZ9ZO9Z,Selena Gomez
IWZ97A9F,Sia
IWZAUZOO,Kygo
69a0df6e-9aa5-11e5-bca2-001eecc1ca2a,Will Heard
6a205af4-9aa5-11e5-b3a0-001eecc1ca2a,Conrad
IWZAWOBZ,Ella Henderson
6b52a2da-9aa5-11e5-9ade-001eecc1ca2a,Parson James
IWZAZIEC,Conrad Sewell
IWZAIIW7,5 Seconds Of Summer
IWZ9ZEWA,The Script
IWZ9CE0A,Fifth Harmony
707584ae-9aa5-11e5-98be-001eecc1ca2a,Alice Wonderland
70886506-9aa5-11e5-9961-001eecc1ca2a,Wayne Coyne
70eba666-9aa5-11e5-85a6-001eecc1ca2a,Watermat
7158ca94-9aa5-11e5-944d-001eecc1ca2a,Klingande
71817b22-9aa5-11e5-80eb-001eecc1ca2a,Broken Back
721a1fd4-9aa5-11e5-8ad9-001eecc1ca2a,Hayden James
728651fa-9aa5-11e5-8d6a-001eecc1ca2a,Timmy Trumpet
IWZ9ZO9I,Chris Brown
IWZ96A8F,Tyga
IWZ9CAB8,Tinashe
IWZ9CB97,Schoolboy Q
IWZ986B8,Carly Rae Jepsen
IWZ97ECW,One Direction
IWZ9AU9U,Daniel Johns
IWZ97OZ9,Florence + The Machine
IWZ9D8I8,Vance Joy
IWZ9D67E,Sam Smith
IWZ9ZOCZ,Justin Bieber
806abd18-9aa5-11e5-8f31-001eecc1ca2a,Monty
8123f552-9aa5-11e5-9527-001eecc1ca2a,Nhiều nghệ sĩ
IWZAWFD9,J Balvin
IWZ99A9C,Iggy Azalea
IWZ9ZODC,Ludacris
IWZ9ZD0Z,Nicki Minaj
IWZ970UF,Jaden Smith
IWZAZ6WB,Halsey
IWZ96B6A,Jamie Foxx
IWZ96IF0,Dixie Chicks
IWZAZE60,Alessia Cara
IWZ9Z0C7,Beyoncé
IWZ9Z9DF,Maroon 5
966c7efe-9aa5-11e5-8d34-001eecc1ca2a,Gavin James
IWZ9ZOO6,Kanye West
IWZ98UW6,Lana Del Rey
IWZAWWOA,Hozier
IWZ9ZD0C,Lê Cát Trọng Lý
IWZ9ZBZD,Norah Jones
IWZ9ZOC8,Kelly Clarkson
IWZ98796,The Weeknd
IWZAI976,MAGIC!
IWZ96IFA,Ellie Goulding
IWZAUCIE,Natalie La Rose
IWZAOF7A,Seinabo Sey
IWZ9AF0B,Benjamin Francis Leftwich
IWZ9Z09U,Adele
IWZ9COZW,Rudimental
IWZ96DEI,Wiz Khalifa
IWZAUC9B,Charlie Puth
IWZ9ZDFU,Pharrell Williams
IWZ97ZZC,Hoàng Tôn
b565df46-9aa5-11e5-975a-001eecc1ca2a,X Ambassadors
IWZAZDBI,@iHeartMemphis
IWZ9EB7Z,Thomas Rhett
IWZ96BI7,Drake
IWZA60WO,Elle King
b9306490-9aa5-11e5-aa20-001eecc1ca2a,Marlon Roudette
IWZ96F6O,Karik
ba3fb666-9aa5-11e5-b425-001eecc1ca2a,P.A.K
baa7fba4-9aa5-11e5-b49b-001eecc1ca2a,Our Last Night
IWZ9868W,Cẩm Vân Phạm
IWZ9866B,TMT
IWZ96UZD,Stratovarius
bf09ccc6-9aa5-11e5-bbbe-001eecc1ca2a,Clean Bandit
IWZA0E8C,Jess Glynne
IWZ96I8F,Benny Benassi
IWZ97E0Z,Shanell
IWZ9A7UE,Imagine Dragons
IWZAIIZ7,George Ezra
IWZ98I89,Naughty Boy
IWZ9ZO60,Ke$ha
IWZ9Z8ZI,Jethro Tull
IWZ98DID,Rita Ora
IWZ9CC9E,Pentatonix
IWZ99ID9,Becky G
IWZAWEUI,Cashmere Cat
IWZAO9DC,Dawin
IWZ9CEFC,Family Of The Year
IWZ990FF,Madcon
cd08198a-9aa5-11e5-ab36-001eecc1ca2a,Ray Dalton
IWZ9ZFI7,Sting
IWZ98I0E,Quái Vật Tí Hon
IWZ96C8O,Uyên Linh
IWZAZOC7,Jarryd James
IWZAOZZW,Fame Chí Thành
IWZ976C7,Châu Khải Phong
IWZAZDFZ,Oh Wonder
IWZ9ZOF9,Quang Linh
d967b87e-9aa5-11e5-9f67-001eecc1ca2a,Powers
IWZ9CZ7B,Twenty One Pilots
IWZ9CE0E,Timeflies
IWZA0AI0,Yến Lê
IWZAO6EF,Khói
IWZ9A76I,Phạm Hồng Phước
IWZAZCC6,Suni Hạ Linh
IWZ99EFU,Hoàng Như Ngọc
IWZ97EBI,Tuấn Vỹ
IWZAWAUU,Như Hexi
IWZ9ZDBU,Omarion
IWZAZBOB,Milky Chance
IWZ9BAB9,Lilly Wood And The Prick
IWZ9ZZA8,Jennifer Lopez
IWZAZI6E,Matoma
IWZ9Z0D8,Adam Levine
IWZAZ0BZ,Broiler
IWZAZIUZ,Omi
IWZAO87B,Eden xo
IWZ9Z7F8,Yiruma
IWZ9ZCZZ,Nelly
IWZ98ECE,DJ Pauly D
IWZ96W99,Jay Sean
IWZ9ZBI8,Simple Plan
IWZ9ZO96,Miley Cyrus
04e3af90-9aa6-11e5-81cf-001eecc1ca2a,Sirah
IWZA6IA8,Daya
IWZ9AO7W,Major Lazer
IWZ9AFZ7,Tarrus Riley
085d3b4a-9aa6-11e5-95a9-001eecc1ca2a,Years & Years
IWZ9ZB76,Khắc Việt
IWZ9ZWAO,Infinite
IWZ98Z00,Tiggy
IWZ9Z9Z8,Modern Talking
IWZ9ZDD6,Paul Anka
IWZ9ZAWO,Lionel Richie
IWZ96O97,Mr. President
IWZ9Z0C6,Britney Spears
IWZ9A7OU,Diana King
IWZ98BD6,The Proclaimers
IWZ9ZUD7,Vĩnh Thuyên Kim
IWZ96OFZ,Secondhand Serenade
IWZ9ZOFF,Đặng Tử Kỳ
IWZ9666Z,Zac Brown Band
IWZ9Z9A7,M
IWZ9ZIWI,98 Degrees
IWZ9ZZAD,JoJo
IWZ9ZWAA,Quang Dũng
IWZ9BCCC,Descemer Bueno
4e754e5c-9aa6-11e5-8b85-001eecc1ca2a,Gente De Zona
IWZ9Z78D,The Goo Goo Dolls
IWZ9ZII7,3 Doors Down
IWZ9ZCZF,Snow Patrol
IWZ9Z9UZ,Mandy Moore
IWZ96C7B,Zachary Levi
IWZ96ZUD,Whitney Houston
578c1822-9aa6-11e5-8b7c-001eecc1ca2a,Mr. Big
IWZ9ZUAA,Bon Jovi
IWZ9ZBWA,Scorpions
IWZ9ZBWB,The Verve
IWZ96W6B,Groove Coverage
IWZ9ZEIZ,The Offspring
6084c226-9aa6-11e5-ba78-001eecc1ca2a,The All-American Rejects
IWZ9ZEO9,Three Days Grace
IWZ9ZBFA,Moby
IWZ96O0O,The Calling
IWZ9ZU7B,Lệ Thu
IWZ9ZDZ8,No Doubt
IWZ96U9A,The Wanted
656e4fe6-9aa6-11e5-b7cf-001eecc1ca2a,B.o.B
IWZ97ZWF,Rainbow
IWZ99099,Chi Dân
IWZ98OD0,JUNIEL
IWZA608E,Cam
IWZ96EZE,Charice
IWZ989B6,Lương Gia Hùng
IWZ98IZW,Cao Tùng Anh
IWZ9666B,Hole
IWZ96F87,Bé Bảo An
IWZ980E7,Bé Bào Ngư
IWZ9ZD0O,Duy Uyên
IWZ98I76,Nguyệt Anh
IWZ9Z09F,Bức Tường
IWZ9ZFOC,Rem
IWZ96OFU,Seal
IWZ96DBI,George Benson
IWZ966AU,Bee Gees
IWZ960C9,Roxette
IWZ98ZCZ,DJ Blend
IWZ97EEB,Minh Beta
IWZ9ZADI,Luther Vandross
IWZ9Z0A7,Madonna
IWZ9ZZ8W,KOKIA
IWZ966W0,Trần Hoàng Anh
IWZ96C8Z,Trung Quân Idol
IWZAUFF8,DJ Long Nguyễn
IWZ98OB9,Little Mix
IWZ988O0,Steelheart
IWZ9Z7A7,Helloween
IWZ9ZFB6,Lê Anh
IWZ9ZFB7,Thu Ba
IWZ9A6F0,Deacon Blue
IWZ9ZD96,Quốc Thiên
IWZ96OZ6,Will Smith
IWZ9ZIAE,Anh Kiệt
IWZ9ZWI8,Ưng Hoàng Phúc
IWZ97IDO,Minh Huy
IWZ9BEIA,Sơn Ngọc Minh
IWZ9EE08,Hari Won
IWZ9ZCUZ,Ne-Yo
IWZ9ZCOB,Natasha Bedingfield
IWZ96W9D,Jessica Simpson
IWZ9ZOCA,Leona Lewis
IWZ9ZUB9,Boyz II Men
IWZ9ZA66,Michael Bublé
IWZ96I9C,Blue
IWZ96OB6,'N Sync
IWZ9ZIAF,Anh Thơ
IWZAOU0B,Trương Bích Thần
IWZ9ZA66,Michael Bublé
IWZ96FZE,JustaTee
IWZ997CU,Soobin Hoàng Sơn
IWZ9Z6FB,Fergie
IWZ9ZOI9,Ace Of Base
IWZ999IZ,USA for Africa
IWZ9ZWUI,Lý Hải
IWZ96I8U,Bandari
IWZ9ZI77,Lưu Hương Giang
IWZ9Z7WI,Eric Clapton
IWZ9ZFO8,Red Hot Chili Peppers
IWZ96B9E,Hà Okio
IWZ998FO,Francis Goya
IWZ970D6,Heart
IWZ96IEA,Diana Ross
IWZ96WE9,Jessica
IWZ97O80,Key
IWZ9ZUBF,Take That
IWZ9ZCDI,Sugar Ray
IWZ9Z689,Def Leppard
IWZ9Z9ZF,Kobukuro
IWZ97C7E,Smile.DK
IWZ97C7E,Smile.DK
IWZ9ZUZ6,Billy Joel
IWZ96U0D,Sixpence None The Richer
IWZ9Z7FC,Janet Jackson
IWZ98A9C,Editors
IWZ9ZO6E,Aretha Franklin
IWZAICDW,Terry Winstanley
IWZ99DCB,Solid Base
IWZ99A6U,Los Del Mar
IWZAU7WB,BØrns
IWZ9ZB8U,Kim Tiểu Phương
IWZ97UE9,Nhạc Không Lời
IWZ970DC,Beethoven
512c51d8-9aa7-11e5-a311-001eecc1ca2a,BORNS
579835a4-9aa7-11e5-ad90-001eecc1ca2a,Lunchmoney Lewis
IWZAZF0O,DNCE
5e63a18c-9aa7-11e5-b923-001eecc1ca2a,Arrow Benjamin
622f6594-9aa7-11e5-87cb-001eecc1ca2a,Lukas Graham
IWZ9ZZ6O,Gwen Stefani
IWZAZBOZ,Sam Feldt
655034c8-9aa7-11e5-97d6-001eecc1ca2a,Kimberly Anne
IWZ9D09F,MKTO
IWZ99WE8,Midnight Red
IWZ9BEWF,Nikki Williams
6d138890-9aa7-11e5-a78a-001eecc1ca2a,Anna Kendrick
IWZ96W98,Jason Derulo
IWZ9ZZ0B,Calvin Harris
IWZ96WBI,Labrinth
IWZ98I88,Emeli Sandé
IWZ978AW,Miguel
IWZ9Z9Z9,Maria Mena
IWZ9ZEO6,The Veronicas
76e710d8-9aa7-11e5-99aa-001eecc1ca2a,Aly & AJ
IWZ9Z6CU,Dolores O'Riordan
IWZ9Z0A6,Quang Vinh
IWZ9ZWZI,Bảo Thy
IWZ96ZU0,Darin
IWZ9ZE07,Pink
IWZ9ZBDI,Jimmii Nguyễn
IWZ9ZOCU,Katy Perry
IWZ9ZOI8,Justin Timberlake
IWZ9ZCCZ,Secret Garden
IWZ9Z0AU,Rihanna
IWZ98BBB,Passenger
IWZ97I0U,Tyler Ward
IWZ98Z0Z,Kurt Schneider
IWZ9ZZEZ,Craig David
IWZ9A6AB,Nate Ruess
IWZ98B96,Kid Ink
b752ce8a-9aa7-11e5-8bc7-001eecc1ca2a,I LOVE MAKONNEN
IWZ9CZWO,Soyou (Sistar)
IWZ986BU,Junggigo
IWZ97AIC,Cher Lloyd
IWZ9ZCF9,Nick Jonas
IWZAOC69,Jasmine Thompson
IWZAZ7BD,Felix Jaehn
IWZ9EBIE,Sheppard
IWZ96W98,Jason Derulo
IWZ96W98,Jason Derulo
IWZ96W98,Jason Derulo
IWZAIB8U,Rixton
IWZ97DIO,Zendaya
dcd17dc0-9aa7-11e5-be92-001eecc1ca2a,Yutaka Yamada
IWZAIF6O,Naoki Sato
IWZAWC8O,Minho (WINNER)
e96bab36-9aa7-11e5-8298-001eecc1ca2a,B.I & Bobby
IWZ96EA0,Verbal Jint
IWZ99IWD,Crush
IWZ97F9O,Haha
IWZ9A08W,Kwang Hee
IWZ96UEZ,Gary
f5744198-9aa7-11e5-8935-001eecc1ca2a,Miwoo
IWZ9ZWO8,CNBlue
IWZ98A9F,Ailee
fa36593e-9aa7-11e5-8928-001eecc1ca2a,hyukoh
fd3c0e82-9aa7-11e5-89b9-001eecc1ca2a,Chen (Exo)
IWZ98Z8B,EXO-K
IWZAZIB8,Baekhyun (EXO)
IWZ960F7,Park Jin Young
IWZ96ZA9,San E
IWZ9BEC0,Yerin Baek
IWZ9ZC96,The Men
IWZ986Z9,Nukan Trần Tùng Anh
IWZ9Z87W,Thùy Chi
IWZ9ZW8Z,Phương Thanh
IWZ9ZB99,M4U
IWZ98BWO,Tạ Quang Thắng
IWZ9ZW6E,Thủy Tiên
IWZ9708Z,Bùi Anh Tuấn
IWZ96IAC,Miu Lê
IWZ96BBZ,Thanh Tâm (Tâm Tít)
IWZ9ZCCC,Trương Quỳnh Anh
IWZAID6C,Trương Tâm Nhi
IWZ9ZCD8,Việt My
IWZ96C6W,Hải Băng
IWZ997CC,Hương Tràm
IWZ9CUWA,Hương Giang Idol
IWZ9ZCA6,Thu Thủy
IWZ968FZ,Mai Fin
IWZ97WCI,Anh Trường
IWZ9660W,Thúy Khanh
3549367e-9aa8-11e5-a339-001eecc1ca2a,TYU
IWZ9BBFE,Lyna Thùy Linh
IWZ9D7EI,Gia Ly
IWZAOAIC,Tiên Tiên
IWZ96DW0,Phạm Toàn Thắng
IWZ96E79,Nguyễn Hải Phong
IWZ9ZC9U,Thảo Trang
IWZ96U0F,Emily
IWZ9DWOA,Đoàn Thúy Trang
IWZ977E7,BigDaddy
IWZAOWB6,Huy Nam (A#)
IWZA0OWC,Min (St.319)
IWZA0BC8,Mờ Naive
IWZ97UI6,Mr A
IWZAZ070,Vizza
4a703670-9aa8-11e5-aab2-001eecc1ca2a,Erik of St.Trainees
IWZ9E99D,Mew Amazing
IWZ9866W,Gizmo
4bf8f8b8-9aa8-11e5-9028-001eecc1ca2a,Vilo
IWZ9CWU6,Mi Trần
IWZ9EBZC,Zara Larsson
IWZA0WWU,MNEK
IWZ98Z6W,Fun.
IWZ96W96,Janelle Monáe
6a04af34-9aa8-11e5-b2a7-001eecc1ca2a,Iro
IWZ9F0DZ,YunjBoo
IWZ9EWC7,Quân Đao
IWZ9ZCFA,Ông Cao Thắng
IWZ9ZD8A,Trịnh Thăng Bình
IWZ97IWZ,LK
IWZ9ZIZ6,Lam Trường
IWZ9AE6A,Phương Bảo
6f67bf86-9aa8-11e5-880a-001eecc1ca2a,Thomas Jack
6fdd1568-9aa8-11e5-b1b5-001eecc1ca2a,Nicole Millar
70524712-9aa8-11e5-8667-001eecc1ca2a,Missio
716148dc-9aa8-11e5-ae54-001eecc1ca2a,Syn Cole
IWZ9ZCEW,Vũ Duy Khánh
IWZ9ZC8U,Kimmese
IWZ98DBD,A$AP Rocky
IWZ96DA7,Kaskade
7a043862-9aa8-11e5-a5e2-001eecc1ca2a,Ilsey
IWZ99ODC,Deniz Koyu
IWZ99UUZ,Audien
IWZ9Z6D8,Lady Antebellum
IWZAIWD7,The Chainsmokers
IWZAZEZD,Waterbed
IWZ99987,Diplo
7f216aba-9aa8-11e5-98d9-001eecc1ca2a,Sleepy Tom
IWZAZE8D,Headhunterz
7fc0b4ec-9aa8-11e5-ab6f-001eecc1ca2a,Crystal Lake
IWZA000D,Bebe Rexha
834c0914-9aa8-11e5-8d7d-001eecc1ca2a,Sonny Alven
IWZ9EF7A,Ahrix
IWZ99OED,Dannic
IWZAO0ZZ,Sick Individuals
IWZ96A6B,Axwell
IWZ990FD,Ingrosso
IWZ98Z7W,Skrillex
IWZ9Z86F,Tiesto
IWZAZ6OI,Oliver Heldens
IWZ9DOIU,Don Diablo
8a5da718-9aa8-11e5-9100-001eecc1ca2a,Khrebto
8ab94be8-9aa8-11e5-af42-001eecc1ca2a,Travis Mills
IWZ96A6F,T.I.
IWZ9Z0CE,Trương Quốc Vinh
IWZ9ZW98,Hàn Thái Tú
IWZ9ZIBW,Bằng Kiều
IWZ96IDA,Damien Rice
IWZ9ZOWF,Ann Wilson
IWZA6I07,Filous
921a93e2-9aa8-11e5-9265-001eecc1ca2a,James Hersey
IWZ9B9CZ,Noonie Bao
IWZ9ZOUU,Snoop Dogg
IWZ977UW,Bad Meets Evil
IWZ9Z6DF,Dr. Dre
9b6675e2-9aa8-11e5-b083-001eecc1ca2a,Julie Bergan
IWZ96A99,Armin van Buuren
IWZA6OU8,Cimo Frankel
IWZ98UA9,Vũ Cát Tường
IWZ9ZW68,Trần Thu Hà
IWZ9ZU0U,Thu Phương
IWZ9ZOZ7,Đoan Trang
IWZ9ZZB6,Hoàng Thùy Linh
IWZ98OF8,Trấn Thành
IWZ9ZWUZ,Minh Hằng
IWZ9Z98E,Khổng Tú Quỳnh
IWZ9ZCEU,Vy Oanh
IWZ9ZI7I,Khởi My
IWZ97ZAI,Duy Anh
IWZ96Z8C,Tim
IWZ9DUZ0,Hoàng Yến Chibi
IWZ97CA7,Thái Tuyết Trâm
IWZ9ZW6B,Vân Quỳnh
IWZ98OBB,Phú Luân
IWZ97WAZ,Dương Hoàng Yến
IWZAZ96Z,Hàn Khởi
IWZAID9O,Avatar Boys
ccc472b8-9aa8-11e5-8ff2-001eecc1ca2a,DJ Bác Sĩ Hải
IWZAZEFU,Christopher Wong
cf2ca38a-9aa8-11e5-b517-001eecc1ca2a,Garrett Crosby
IWZAZEF6,Ngọc Hiển
IWZA6IIF,Đoàn Nhược Quý
IWZ9ZBUD,Đinh Tiến Đạt (Mr Dee)
d4e79236-9aa8-11e5-a123-001eecc1ca2a,Tiến Luật
IWZ9ZDWE,Thu Trang
IWZ96DWO,Lưu Quang Anh
IWZ9D087,Chi Pu
IWZ98609,Mr. Siro
IWZA0CI7,Phạm Hoàng Duy
IWZ9ZCFU,Yến Nhi
IWZ97OAD,Tonny Việt
IWZAIO80,Bình Minh Vũ
IWZ9ZFA7,Minh Vương M4U
IWZ9ZBUC,Quang Hà
IWZ9ZOC0,Tuấn Hưng
IWZ9Z8BW,Nam Cường
IWZAWOAB,Hà Duy Thái
IWZ97AZB,Đinh Kiến Phong
IWZAW06B,Bùi Vĩnh Phúc (Hot Boy Kẹo Kéo)
IWZAWIWI,Nam Dương
IWZ97OOZ,Hamlet Trương
IWZ9C999,Nhật Thủy
IWZ97U9U,Tiến Minh
IWZ9ZCB9,Trà My Idol
IWZ96990,Hạnh Sino
IWZ9ZED8,OnlyC
IWZ99IE0,Isaac (365 Daband)
IWZAZUU7,Lou Hoàng
IWZ96E0B,365DaBand
IWZ9Z090,Đàm Vĩnh Hưng
IWZ9ZCAB,Lâm Chấn Khang
IWZ9DZ9A,Thúy Anh
IWZ97OOA,Hồ Việt Trung
IWZ9ZIZI,Khánh Phương
IWZ97UOI,Châu Việt Cường
IWZ96U7U,Tata Young
IWZ96FEZ,Yanbi
IWZ99809,FB Boiz
IWZA0AUA,Bảo Kun
IWZ9EODI,Hà Lê
IWZ9FO76,Kay Trần
IWZ9B08F,Lê Bảo Bình
IWZ96F6U,Lynk Lee
IWZ9FFUD,Kevin Sôcôla
IWZ97W0F,Đức Kaishi
IWZ9Z7CB,Đại Nhân
IWZ98FOD,Phúc Bằng
IWZ97AUC,JC Hưng
IWZ9A9C8,Winny Quyên
IWZ9B88F,Daniel Mastro
IWZ9AOW8,Hồng Dương M4U
IWZ9ZEF7,Đinh Mạnh Ninh
8dddcf70-9aa9-11e5-ba13-001eecc1ca2a,La Thăng (Huy Nam & Huy Khánh)
IWZ96ZII,Hoàng Rapper
IWZ96FEI,Binz
IWZ9C6FO,NQP
IWZ98OU9,Tiên Cookie
IWZ96D6F,Mr.T
IWZ979II,Hà Bi
IWZ9ZUCI,Tóc Tiên
IWZ986AE,Touliver
a4cfa782-9aa9-11e5-b693-001eecc1ca2a,Long Halo
IWZAZU8B,Hoaprox
IWZ9DDFI,Hòa Minzy
IWZ9866E,M.D.K
IWZ97ABW,DeePink
IWZA0F9F,Travis Scott
IWZ9ZCWE,Nas
IWZ9Z0DB,Akon
IWZ968WA,Jay-Z
IWZ9ZD0D,Tamia
IWZ99Z7O,Alesso
IWZ97OZC,Hurts
IWZ9DU6F,John Newman
IWZ9DDOI,Showtek
IWZ99Z88,Jessie Ware
IWZ98B9F,The Lumineers
IWZ9F7DU,Echosmith
IWZ96ZCZ,Nico
e14c152e-9aa9-11e5-b68d-001eecc1ca2a,Vinz
IWZ9ZDBZ,One Republic
e85e882c-9aa9-11e5-b379-001eecc1ca2a,T-Wayne
IWZ9ZOI0,Usher
IWZA0IBZ,Jay Hardway
IWZ98CFU,Tori Kelly
IWZ9Z0C8,Hilary Duff
IWZAZ969,Futuristic
fdf6c740-9aa9-11e5-b325-001eecc1ca2a,Pussycat Dolls
IWZ9CAZ0,Clownd Hoàng
08534e30-9aaa-11e5-90fa-001eecc1ca2a,Panic! At The Disco
IWZ9ZEBA,Yung Joc
IWZ9Z8C6,Juelz Santana
IWZ9ZZWA,Cassie
IWZ9ZDDB,Paul Wall
IWZ9ZU9Z,Ali
IWZ9ZA0O,Mary J. Blige
IWZ9ZCDA,Nelly Furtado
IWZ9ZZCF,Colbie Caillat
IWZ9Z90Z,Keyshia Cole
IWZ9ZBF8,Missy Elliott
2703a40a-9aaa-11e5-b251-001eecc1ca2a,Lil' Kim
IWZ9Z8DA,Shakira
IWZ96WZA,Fort Minor
IWZ9Z087,Linkin Park
IWZ97EBE,Steve Aoki
IWZ96B7D,Holly Brook
IWZ9ZOCC,Ricky Martin
IWZ9ZW0F,BEAST
IWZ9ZD00,Nickelback
IWZ9ZCZ9,Nightwish
IWZA00WD,Lil' Wayne
IWZ9ZZ09,Busta Rhymes
475f9b0c-9aaa-11e5-b82b-001eecc1ca2a,T-Pain
IWZ99DZA,Hồ Quốc Việt
IWZ9ZEA7,Will.i.am
IWZ969O7,Trần Trung Đức
IWZ99EZ9,Kesha Sebert
IWZA00WD,Lil' Wayne
IWZA00WD,Lil' Wayne
IWZ9EA0Z,Neyo
IWZ9ZU8W,The Black Eyed Peas
IWZ98866,Quách Beem
IWZ9ZUAF,The Fray
IWZ98IEB,Boyce Avenue
IWZ98B98,Bobby Moon
IWZ97FD6,Pharell
IWZ97ZI0,Jim Jones
IWZ9ZZDO,Coldplay
IWZ9ZO8F,Cody Simpson
IWZ98CCZ,Lê Việt Anh
IWZ9A9IF,Bảo Trâm
IWZ96FCE,Slim Thug
IWZ96Z0E,Lương Minh Trang
IWZ9FO77,Tronie Ngô
IWZ9ZBZ9,Giang Hồng Ngọc
IWZ9DBZA,Song Thư
IWZ9ZEAC,Wyclef Jean
IWZ9807W,Claudia Leitte
IWZ96WAF,K'naan
IWZ97U7D,Carlinhos Brown
IWZ9Z08A,The Pussycat Dolls
IWZ9EC6F,Tove Lo
IWZ968DB,L7
8d94c2f0-9aaa-11e5-bdd6-001eecc1ca2a,Hippie Sabotage
IWZAOOWC,Lucas Nord
966bbdb8-9aaa-11e5-af72-001eecc1ca2a,Colby O'Donis
IWZ96UE8,Hoàng Nghi Lâm
IWZ97U69,Trương Đan Huy
IWZ9ZC90,Thanh Duy
IWZ9Z09A,Utada Hikaru
IWZ9ZOZ0,Destiny's Child
IWZ9D879,Lorde
IWZ99OEF,R3hab
IWZ9CA6Z,Kat Dahlia
c10442ee-9aaa-11e5-8dfe-001eecc1ca2a,WhiteNoiz
IWZ9ZBAF,Nguyễn Minh Anh
IWZ976UO,Tiffany Alvord
IWZ98Z9E,Chester See
cb7094de-9aaa-11e5-86ae-001eecc1ca2a,Fedez
IWZ96UAO,Tinie Tempah
IWZ99EA6,Ái Xuân
IWZ9ZEDB,Đào Đức
IWZ9E96A,R. City
IWZ9ZACB,Luke Bryan
IWZ96CO8,Olly Murs
IWZA0BOI,The Vamps
IWZAWWF7,Kiesza
IWZ97FDF,Kai
eedfe3da-9aaa-11e5-bf5e-001eecc1ca2a,Bunji Garlin
IWZ98Z08,2 Chainz
IWZA6WZE,Jack Ü
IWZ9Z9A7,M
f443467e-9aaa-11e5-bd54-001eecc1ca2a,Angelo Montano
f56fbaf0-9aaa-11e5-9ead-001eecc1ca2a,Nyla
f5e231f4-9aaa-11e5-b058-001eecc1ca2a,Chronixx
IWZ9C698,Elliphant
f686fb62-9aaa-11e5-a02a-001eecc1ca2a,Jovi Rockwell
IWZ9EOBU,Wild Belle
f79647d0-9aaa-11e5-9f0d-001eecc1ca2a,Disciples
IWZ990FD,Ingrosso
IWZ98ZIZ,Cause And Effect
IWZ97ZUA,BT
IWZ9Z78Z,Girls Aloud
IWZ96098,Robin Thicke
IWZAUFO9,Verdine White
0320e3ba-9aab-11e5-b2d1-001eecc1ca2a,Roy English
IWZ9FAUU,Deorro
0b24908a-9aab-11e5-ad08-001eecc1ca2a,Moxie Raia
IWZAUCE8,Galantis
0fac623a-9aab-11e5-b60a-001eecc1ca2a,Haris
121e6714-9aab-11e5-8801-001eecc1ca2a,Jake Reese
IWZ96CCW,Afrojack
136978fa-9aab-11e5-9822-001eecc1ca2a,Mike Taylor
IWZ9Z86F,Tiesto
IWZAUFCF,KSHMR
IWZAW676,Vassy
IWZ9Z86F,Tiesto
IWZAW80O,ZHU
17a6411c-9aab-11e5-8b35-001eecc1ca2a,THEY.
IWZAZ0BO,JAUZ
IWZ9DIDF,Fatman Scoop
19f61308-9aab-11e5-835b-001eecc1ca2a,Rozes
1a6ca43e-9aab-11e5-b35c-001eecc1ca2a,SirenXX
IWZAZ8CF,DC Tâm
IWZ9ZBUB,Chí Thiện
IWZAZ9FE,Chung Thương
IWZ9D9O9,Cao Nam Thành
IWZAUDCW,Mya Huỳnh
IWZ9Z97U,Nhật Tinh Anh
IWZAZ76C,Luân Ken
IWZ989Z6,Nguyên Hy
IWZ9CZZ7,Đình Phong
IWZ99W98,Dương Nhất Linh
IWZ997C8,Đào Bá Lộc
IWZ9ZIZ7,Lê Hiếu
IWZ9ZWU7,Minh Tuyết
IWZ9Z0FZ,Thanh Thảo
IWZ9B7U9,Hà Anh
IWZ9Z9A6,Chu Bin
IWZ96AUA,Nam Du
IWZ9Z90U,Bằng Cường
523a7ad2-9aab-11e5-a842-001eecc1ca2a,Tina Ngọc Hương
IWZAODD8,Trịnh Đình Quang
IWZ9BWFU,Khắc Anh
IWZAUEFA,Phúc Anh
IWZ96CF9,Tăng Nhật Tuệ
IWZAWW6F,Donny Xian
IWZA6OZ7,The Score
6122f8f4-9aab-11e5-a65a-001eecc1ca2a,Smallpools
IWZ9ZWIZ,All Time Low
IWZAZ0D0,Jidenna
62822490-9aab-11e5-843d-001eecc1ca2a,Roman GianArthur
62f45670-9aab-11e5-99d1-001eecc1ca2a,Clairity
IWZ9ZA8O,Little Big Town
IWZ976BW,Andy Grammer
IWZ9BZAE,Hailee Steinfeld
IWZAZDCI,Sigala
IWZ9ZE7E,Travie McCoy
IWZ97D6F,Rizzle Kicks
IWZ96C67,City Spud
IWZ96UZO,Santana
74d96902-9aab-11e5-a6b1-001eecc1ca2a,T-Monkey
IWZ9ZCFD,Weboys
IWZ98AUB,Tove Styrke
IWZAU7WD,Zella Day
79931e4c-9aab-11e5-9734-001eecc1ca2a,Astrid S
IWZAZFOZ,Paul Rey
IWZ9ZW7A,Huy Vũ
IWZ9Z0AO,Khánh Ngọc
IWZ980DA,Icona Pop
IWZ97UI6,Mr A
IWZ97F8Z,Better Than Ezra
875928ee-9aab-11e5-83a7-001eecc1ca2a,Gorgon City
87691026-9aab-11e5-8868-001eecc1ca2a,ROMANS
IWZ9ZC8O,Khưu Huy Vũ
906ebc50-9aab-11e5-a6e9-001eecc1ca2a,DJ H88
90810124-9aab-11e5-a892-001eecc1ca2a,DJ Sea
92bf62ca-9aab-11e5-8d03-001eecc1ca2a,DJ Milano
94314b1a-9aab-11e5-8c5d-001eecc1ca2a,DJ Turbo
IWZ9896F,Lê Sang
IWZ9BZ0B,Dương Hồng Loan
IWZ9BEE7,DJ Quang Linh
IWZ9Z9Z0,Cát Tuyền
IWZ9ZC9B,Kim Tiểu Long
IWZ9ZBCB,Nguyên Khôi
IWZ97UAB,Võ Minh Lâm
IWZ97006,Bạch Công Khanh
IWZ9A089,Hoàng Y Nhung
IWZ97U0U,Lý Hào Nam
IWZA0A00,Thiên Dũng
IWZ98A78,Đỗ Xuân Sơn
IWZ9DDO6,Lâm Onbi
IWZ9887I,Trương Khải Minh
IWZAO0WI,Phạm Thiên Huy
IWZ97CWU,Phương Thiên Hoàng
IWZA6806,Hà Nhi Idol
IWZ9A6IB,Minh Trí
IWZ96CD9,Huỳnh Lộc
IWZ9ZCF6,Yến Trang
IWZ9ZC9O,Thanh Ngọc
IWZ9ZBZE,Nguyễn Hải Yến
IWZ9Z76C,Ngọc Khuê
IWZ9EEOA,Nguyễn Quang Anh
IWZ960A6,Hồ Hoài Anh
IWZ9A7Z9,Kyo York
IWZ9Z8ZC,Tùng Dương
IWZ9Z97O,Quang Lý
IWZ9ZW67,Hồng Nhung
IWZ9ZWUA,Mỹ Linh
IWZ96ZDB,NSƯT Thái Bảo
IWZ9Z668,MTV
IWZ9ZEF6,Nguyễn Đức Cường
IWZ9ZD9I,MicroWave
IWZ9ZZBZ,Hoàng Hải
d768afde-9aab-11e5-808d-001eecc1ca2a,AC&M
IWZA6ZWD,Blue Moon
IWZ9F9WU,Yan Nguyễn
IWZ9E6C7,Khánh Phong
IWZ9ZCBW,Tống Gia Vỹ
IWZ97EI7,Đường Tuấn Khang
IWZ9FUO0,Nam Khang
IWZ97ID6,Du Thiên
IWZAW06B,Bùi Vĩnh Phúc (Hot Boy Kẹo Kéo)
IWZAW06B,Bùi Vĩnh Phúc (Hot Boy Kẹo Kéo)
IWZ9ZBOO,Alx Kim Hoàng
IWZA0UD6,Đỗ Minh Quân
IWZ9FZ6Z,Vân Du
IWZ9DZBF,Dương Minh Tuấn
IWZA0BZZ,Hoàng Anh Tùng
IWZA68WW,Linh Miu
IWZ9ZCDZ,Vi Nhạn Ngọc
IWZAZDOU,Max Linh Phạm
IWZAU8ZI,PB Nation
IWZ96F6I,Andree
IWZ97U7U,Rhymastic
IWZ98O8W,Andiez
f7c62312-9aab-11e5-9a07-001eecc1ca2a,Onionn
IWZA66AO,Đức Phúc
IWZAZ8U6,Nguyễn Hoàng Dũng
IWZA608O,Bảo Uyên
IWZA0AU9,Sino P
IWZ9AWZA,Hoa Di Linh
IWZ970BW,MinhPhucPK
IWZ9B70W,ItsLee
IWZAZUUA,Ngọc Trâm
IWZA6779,TAS
IWZ9ZIEA,Lương Bằng Quang
IWZ9Z0CW,Đan Trường
IWZ96U0A,Young Uno
IWZ99AFF,Hakoota Dũng Hà
IWZ997D0,Đinh Hương
IWZ99AFF,Hakoota Dũng Hà
IWZ9ZDI9,Lê Kiều Như
IWZ96EC7,Nguyễn Đình Vũ
IWZ97WD6,Bảo Thạch
IWZ969DZ,Lang Lang
IWZ9Z8OI,Ân Khải Minh
IWZ9ZB80,Khánh Đơn
IWZ9EDI6,Cao Vũ
IWZ9FW9O,Krystal Kim Quỳnh
IWZ9ZIAD,Akira Phan
IWZA60OZ,Phương Thế Huy
IWZA0I0U,Kim Ny Ngọc
IWZAZ8UZ,Phùng Khánh Linh
IWZAWCCE,Trọng Hiếu
IWZ99I7B,Ngọc Thúy
IWZ96A6F,T.I.
IWZ96C6I,Stevie Hoang
IWZ98WDE,Troy
IWZ98WDF,Gabriella
IWZ98W6E,The Weekend
IWZAZEFW,Bé Hà Vy
IWZA6W6C,Ben Haenow
IWZAZ7WW,Liu Quốc Việt
e1967d76-9aac-11e5-bb82-001eecc1ca2a,Liêu Ngọc Lan
IWZ9ZC9F,Thiên Trường
IWZ98896,Việt Tú
IWZAZ7WF,Tuấn Thăng
IWZ9FOWD,Kenlly TK
ea20e5c6-9aac-11e5-87aa-001eecc1ca2a,Ebisu
IWZ9897W,DJ Hoàng Anh
IWZ9FDAU,Lê Vương
IWZ9ZO7I,Khả Tú
IWZAO8U8,Vương Bảo Lâm
IWZA0U79,Ustylez
edf8f0f4-9aac-11e5-b01b-001eecc1ca2a,Juki AT
IWZAW7EU,Cảnh Minh
IWZAW06B,Bùi Vĩnh Phúc (Hot Boy Kẹo Kéo)
f258a4b0-9aac-11e5-b802-001eecc1ca2a,Mr. Dee
IWZ9ZOZE,Duy Mạnh
IWZ96FIU,Đào Phi Dương
IWZ9DF0Z,samfree
IWZAW8ZE,Trung Hưng
fb8255c2-9aac-11e5-b073-001eecc1ca2a,Lưu Giai
fc5dcf78-9aac-11e5-b774-001eecc1ca2a,Tengu no Mai
IWZ97WUO,Tuấn Quỳnh
IWZ9ZW80,Ngọc Sơn
IWZ9ZB9U,Lưu Chí Vỹ
IWZAZ9OE,Đan Phương
0943d434-9aad-11e5-a739-001eecc1ca2a,DJ Bảo Linh
IWZ9ZBCF,Nhật Kim Anh
IWZA0COA,Minh Anh
IWZ99AFF,Hakoota Dũng Hà
IWZ9Z9FE,Trần Tâm
IWZ9ZZWZ,Nguyễn Thắng
IWZ9Z7CC,Thế Sơn
IWZ977BZ,Hoài Anh Kiệt
IWZ9AUUB,Chí Bằng
IWZAZ9B0,Hoàng Bảo Phong
IWZ9BBFB,Nguyễn Xuân Lân
IWZ96UED,Huỳnh Nhật Đông
IWZ99UDA,KaiSoul
1e4cd150-9aad-11e5-8cdc-001eecc1ca2a,Phuc.Pin
IWZ9BCUU,Phương Ý
IWZ9ZBDW,Phạm Thanh Thảo
IWZAWBCZ,Võ Kiều Vân
IWZA0BEU,Ginô Tống
25b79f40-9aad-11e5-a94d-001eecc1ca2a,Lục Anh
IWZ9CF7A,Lee Thiên Vũ
IWZ97ODZ,Lâm Quang Long
IWZ9ZZBO,Hồ Trung Dũng
IWZA007B,DJ Oxy
IWZ97UAU,Trương Y Du
IWZ96FO8,A Tuân
IWZAO7B0,Kelvin Khánh
IWZ96Z0O,La Thăng (Huy Nam & Huy Khánh)
IWZ9ZWUW,Lưu Bích
413c765e-9aad-11e5-bfe8-001eecc1ca2a,Thanh Ngân
IWZ9CUU6,Tiramisu Band
IWZAZWUU,Đỗ Hiếu
4a9dacc6-9aad-11e5-a14e-001eecc1ca2a,Burin
IWZAWWW8,Lê Vũ Bình
IWZAZFI8,Cao Thái Bình
IWZAZZE9,Kim Khánh Chi
IWZ98U6W,Quang Anh
IWZ9DOII,Ka Như Ngọc
IWZAOIDI,Ngọc My
IWZAUFCE,DJ LeeK54
IWZAW06B,Bùi Vĩnh Phúc (Hot Boy Kẹo Kéo)
IWZAW06B,Bùi Vĩnh Phúc (Hot Boy Kẹo Kéo)
IWZAUDEU,DJ Gin
IWZA0IAD,Vũ Thảo My
IWZ97EIF,Trang Pháp
IWZ9ADFO,TY
IWZ9Z6U9,Suboi
IWZ9699A,Cường Seven
IWZ96FB8,Hằng BingBoong
IWZ9ZBBF,Ngô Kiến Huy
7a46fdba-9aad-11e5-bc2f-001eecc1ca2a,SG Prider
IWZ96UZ0,Dương Triệu Vũ
IWZAZ96W,Khánh Tiên
IWZ969FW,Thái Trinh
IWZ9ZI06,Thu Minh
IWZ966WO,Phúc Bồ
IWZ99B0B,Đen
IWZAZ9ZE,Linh Cáo
IWZ99B0C,JGKiD
ada9e62c-9aad-11e5-9e44-001eecc1ca2a,Dr.Quang
ae3be5da-9aad-11e5-9f07-001eecc1ca2a,Black Apple
b646bfa2-9aad-11e5-a959-001eecc1ca2a,Hoàng Yến Idol
b74ec1ac-9aad-11e5-ba67-001eecc1ca2a,Kim
b7d498d8-9aad-11e5-bf61-001eecc1ca2a,P.A
c1219f6e-9aad-11e5-8377-001eecc1ca2a,Việt Anh
IWZ97WE7,Loren Kid
IWZA0AA0,Hồ Phong An
IWZ9FUEA,Ron
IWZ9Z0CZ,Kenny G
IWZ9ZO6Z,Vân Quang Long
IWZ9760O,TVM
IWZ970BW,MinhPhucPK
IWZ97CID,Amy
IWZ9EWAI,Lill Shin
ce780e64-9aad-11e5-9075-001eecc1ca2a,Lil Shine
IWZ997EW,Kaydy
IWZ970DW,Kuppj
IWZ96FDD,Kim Joon Shin
IWZ98FDU,Trần Hiểu Kỳ
IWZAU9FI,Zunny Trần
IWZ9ZIDE,Trác Y Đình
IWZ96OOZ,Trương Kiệt
IWZ96OIA,Phùng Hy Dư
IWZ9Z0BF,Lưu Đức Hoa
IWZ97EU8,Hồ Hạ
IWZ9Z0BE,Đặng Lệ Quân
IWZ9Z0AE,Châu Kiệt Luân
IWZ9ZIFW,Trương Đông Lương
IWZ9Z0BO,Lâm Tâm Như
IWZAW9UO,Cao San
IWZ96UCU,Ngô Nhược Hy
eed9fc38-9aad-11e5-a0de-001eecc1ca2a,Trương Hàn
IWZ96CFW,Đồng Lệ
IWZAW6FI,Hoắc Tôn
IWZ9ZIEC,Trương Tín Triết
IWZ990I6,Lý Dịch Phong
IWZ99IC6,Kris
IWZ9ZI8C,Nishino Kana
IWZ9ZWWZ,BoA
f4427d14-9aad-11e5-b433-001eecc1ca2a,Soyeon (T-ARA)
IWZ9ZUEU,Hayashibara Megumi
IWZ96ZB0,RSP
IWZ9Z09B,Emi Fujita
IWZ9Z0AB,IKIMONOGAKARI
IWZ9CBOD,TK from Ling Tosite Sigure
IWZ9Z0AB,IKIMONOGAKARI
IWZ96A6U,Hatsune Miku
IWZ98OZW,DJ Tisad
IWZ9DFOD,Redfoo
IWZ96E8A,The Lonely Island
IWZ9ZOOF,Eminem
IWZ96W98,Jason Derulo
IWZ9Z9ZI,Marc Anthony
IWZAZOI0,Silento
IWZAZZC9,Brandon Beal
IWZ96WZ7,Fools Garden
IWZ99UAU,King Diamond
IWZ9ZEA7,Will.i.am
IWZA0B97,Hiếu Viper
IWZAWB8O,Da LAB
IWZ96D6F,Mr.T
IWZ9D0FB,T-Akayz
IWZAU6IE,Hoàng Anh
IWZ96F60,Lil Shady
IWZ96B6B,UnlimiteD
IWZ9ZBU0,Gạt Tàn Đầy
IWZ96707,Ngọc Ánh Idol
IWZ9D70O,Khắc Quốc Hải
IWZ9B90F,Diana Boncheva
IWZ96A0I,Mozart
IWZ96BFC,Walter Hautzig
IWZ96EID,Gregorian
IWZ98ZEU,Celtic Woman
IWZ9ZB7E,Sarah Brightman
IWZ988AA,David Garrett
IWZ97IIW,Hans Zimmer
IWZ96OZC,James Last
IWZ979UA,Toshiro Masuda
4ef1a0ba-9aae-11e5-afca-001eecc1ca2a,You Xue-zhi
IWZ98AWW,Nicky Wook
IWZ9E8CB,Han Lei
IWZ9D8I9,WOIM Collection
IWZ9BDDC,Rong Zheng
IWZ97UIB,Joe Hisaishi
IWZ970DZ,Igor Krutoy
IWZ988UO,The Piano Guys
IWZ96I8W,Kevin Kern
IWZ9Z9OE,Richard Clayderman
IWZ98AD7,Keiko Matsui
IWZ979FD,Two Steps From Hell
IWZ9ZZ88,Kitaro
IWZ9ZC0A,Trần Mạnh Tuấn
IWZ9FBBF,Minh Tâm Bùi
694fa424-9aae-11e5-8e44-001eecc1ca2a,Đình Thanh
6e439ac2-9aae-11e5-8b11-001eecc1ca2a,Grumiaux Trio
701e92b0-9aae-11e5-bfb0-001eecc1ca2a,Academy Of St Martin InThe Fields
IWZ9CIU9,Alban Berg Quartet
IWZ9EIEZ,Cécile Corbel
IWZ98AIB,Acoustic Cafe
IWZ9ZO68,Apocalyptica
IWZ98Z9O,Jon Schmidt
IWZ98OO0,Steven Sharp Nelson
IWZ98O8F,Lindsey Stirling
IWZ96IAW,Bond
7c9d629a-9aae-11e5-8b64-001eecc1ca2a,Lzzy Hale
IWZ986ZB,Jun Sung Ahn
IWZ98OWB,Sungha Jung
IWZ9D8IA,Paddy Sun
IWZ97W9I,July
IWZ9B6UD,DJ Okawari
IWZ9ZWOD,Davichi
IWZ9Z6AB,SISTAR
IWZ98UUZ,Henry
IWZ9ZZAA,SS501
IWZ989I9,NU'EST
IWZ9ZWI6,4MINUTE
IWZ9Z08F,K.will
IWZ9Z09I,Super Junior
IWZAWOB7,Winner
IWZ9ZW8A,Cool
IWZ9ZWBB,Jang Na Ra
IWZ9Z6FO,T-ARA
IWZ96FOF,Jung Yong Hwa
IWZ9ZZAU,SHINee
IWZ9CF88,T (Yoon Mi Rae)
IWZ9980F,Serebro
IWZ96Z8D,911
IWZ960WO,Rick Ross
IWZ9ZOFW,Minh Thuận
bab767ec-9aae-11e5-a283-001eecc1ca2a,Brother Su
bedfbd14-9aae-11e5-8ac1-001eecc1ca2a,Lovelyz
IWZ9ZOBW,HOMME
caca1542-9aae-11e5-84ed-001eecc1ca2a,Kisum
cd70f19c-9aae-11e5-883f-001eecc1ca2a,Park Kyung (Block B)
IWZ9ZFBA,ZIA
IWZ98F6Z,VIXX
IWZ9CCAU,KittiB
IWZ9CIB0,Jeon JiYoon (4Minute)
d744c1fa-9aae-11e5-8702-001eecc1ca2a,Heize
IWZ98IZ9,Hyorin
IWZ9ZWB9,Jay Park
IWZ9AEFB,Okasian
IWZ97FZF,Young Jun
f19776c6-9aae-11e5-ab0d-001eecc1ca2a,Jeong Hyeong Don
IWZ99Z8B,Yoo Jae Suk
f2658e26-9aae-11e5-894c-001eecc1ca2a,Jeong Jun Ha
IWZ9CWWO,Yoon Sang
IWZ9ZBFZ,Park Myung Soo
IWZ9BABO,Beenzino
f6f06c30-9aae-11e5-8986-001eecc1ca2a,Kwon Jeong Yeol (10cm)
f7583110-9aae-11e5-ad05-001eecc1ca2a,Kim Min Seung
IWZAO8B7,Sam Hunt
IWZA6IWE,Bryson Tiller
169f8cac-9aaf-11e5-a1be-001eecc1ca2a,Skylar Stecker
17a5e40a-9aaf-11e5-8c67-001eecc1ca2a,Connell Cruise
IWZ9EOFD,The Royal Concept
185bbdca-9aaf-11e5-86d9-001eecc1ca2a,Nick Fradiani
IWZ97EII,Sara
19d53140-9aaf-11e5-903a-001eecc1ca2a,PJ
IWZ966UA,R. Kelly
IWZAIOED,Rae Sremmurd
IWZ96EWW,Diddy
1cfe80be-9aaf-11e5-b7eb-001eecc1ca2a,Big TC
1d0e1224-9aaf-11e5-ad63-001eecc1ca2a,D-Loc
1d5ef6ba-9aaf-11e5-b045-001eecc1ca2a,Sevyn Streeter
IWZ96UBI,Trey Songz
IWZ96I89,Babyface
IWZ9Z7EZ,Jagged Edge
22f4b1d2-9aaf-11e5-abf2-001eecc1ca2a,E-40
IWZ96BWD,Eric Church
33a3ed30-9aaf-11e5-a109-001eecc1ca2a,M80
IWZ976B7,Kirk Franklin
3934945c-9aaf-11e5-a9ef-001eecc1ca2a,Kim Burrell
3944ee76-9aaf-11e5-9d1a-001eecc1ca2a,Lalah Hathaway
3dc4be5e-9aaf-11e5-b85a-001eecc1ca2a,Tasha Page Lockhart
IWZA6808,Zacardi Cortez
442cb980-9aaf-11e5-b474-001eecc1ca2a,Sebastian Kole
IWZ9Z870,Trans Siberian Orchestra
IWZAZOB7,Chris Stapleton
IWZ96ID6,Chris Young
IWZ9777D,Vince Gill
IWZ9A9CA,Cassadee Pope
IWZ9D0D7,Jeezy
IWZ9ZBFC,Monica
IWZ9E7BE,Logic
6d561c92-9aaf-11e5-bbc7-001eecc1ca2a,Jesse Boykins III
6e0a7de6-9aaf-11e5-b187-001eecc1ca2a,Dria
6f75f074-9aaf-11e5-9525-001eecc1ca2a,Lucy Rose
6fc90668-9aaf-11e5-b64a-001eecc1ca2a,Big Lenbo
IWZAZFCU,Jordan Smith
IWZA6UU8,Post Malone
IWZA60A6,HUI
IWZA0BI7,Nguyễn Minh Cường
IWZ97DEE,Hồ Gia Khánh
IWZ9DFDC,Huỳnh Nguyễn Công Bằng
IWZ96ZF6,Lưu Ánh Loan
9f43a39c-9aaf-11e5-9b87-001eecc1ca2a,Hồ Gia Hùng
IWZAIDI6,Wendy Thảo
IWZ9ZUCZ,Thái Châu
IWZAZUU8,Hoàng Rob
IWZAZAEE,Justin Ward
IWZ99ABF,Thủy Tẹt
IWZ99I7W,Minh Mon
IWZ9D09E,An Coong
IWZ9E8D9,Yuki Matsui
IWZ9DEO0,Palmy
IWZAWZCI,Pchy
IWZA0B7W,Mike D. Angelo
573ebcc8-9ab0-11e5-a193-001eecc1ca2a,Aom - Sucharat Manaying
IWZAWWWZ,TFBoys
IWZ9AF9C,Florida Georgia Line
IWZ98Z0F,Meek Mill
IWZ960IF,Richard Marx
IWZAOZWE,Bé Anh Thư
IWZA0BIW,Bé Trang Thư
IWZ98W8I,Bé Kim Hồng
bef49182-9ab0-11e5-a707-001eecc1ca2a,Bé Nguyên Khang
IWZAWWDO,Bé Tô Kim Thư
IWZ96UU0,Don Nguyễn
c8490618-9ab0-11e5-bfcb-001eecc1ca2a,Đoàn Nguyễn Bảo Trọng
IWZ9Z08Z,Quách Tuấn Du
ca44f0a2-9ab0-11e5-8eee-001eecc1ca2a,Huyền Trân (The Voice Kids)
IWZ97AID,Vũ Song Vũ
IWZ9ZBC9,Nguyễn Hồng Ân
IWZAUE78,Papyxu Tường
IWZ9ZOUC,Quốc Đại
IWZAUA08,Phương Lan
IWZ968ZW,Khang Lê
1364aa58-9ab1-11e5-9ce5-001eecc1ca2a,REX.D
IWZ998C9,Spandau Ballet
IWZ98CZC,Maria Arredondo
IWZ98IWB,Đặng Anh Tuấn
IWZ98BFB,Đàm Viêm Kiện
IWZ97IOE,12 Girls Band
IWZ98BE9,Ngũ Quốc Trung
IWZ9ZWAE,Thiên Kim
IWZ96C86,Bích Phương
IWZ98BF6,Phạm Quang Trung
IWZ9868B,Xuân Hiểu
IWZ9868B,Xuân Hiểu
IWZ9868B,Xuân Hiểu
IWZ9868B,Xuân Hiểu
IWZ9868B,Xuân Hiểu
IWZ9868B,Xuân Hiểu
IWZ9868B,Xuân Hiểu
IWZ979OO,Lê Tấn Quốc
IWZ9868B,Xuân Hiểu
IWZ9868B,Xuân Hiểu
IWZ9868B,Xuân Hiểu
IWZ9868B,Xuân Hiểu
IWZ9868B,Xuân Hiểu
IWZ9868B,Xuân Hiểu
IWZ9868B,Xuân Hiểu
IWZ9868B,Xuân Hiểu
IWZ9868B,Xuân Hiểu
IWZ9868B,Xuân Hiểu
IWZ9868B,Xuân Hiểu
IWZ9868B,Xuân Hiểu
IWZ9868B,Xuân Hiểu
IWZ9868B,Xuân Hiểu
IWZ9868B,Xuân Hiểu
IWZ9868B,Xuân Hiểu
IWZ9868B,Xuân Hiểu
IWZ9868B,Xuân Hiểu
IWZ9868B,Xuân Hiểu
IWZ9ZIFZ,Thanh Lam
IWZ9ZIFZ,Thanh Lam
IWZ98I7U,Nguyễn Hùng Saxophone
IWZ9ZIFZ,Thanh Lam
IWZ9E9AI,Khánh Vinh
IWZAWZ7A,Hoài Phương (Cựu TV Mặt Trời Đỏ)
IWZ9868B,Xuân Hiểu
IWZ9BDDB,Tiến Biên
IWZ98BF7,Nhật Nguyên
IWZ9868B,Xuân Hiểu
IWZ9868B,Xuân Hiểu
IWZ9868B,Xuân Hiểu
IWZ9ZEFW,Ngọc Minh
IWZ98096,Dan Gibson
IWZ969CW,Carlo Maria Giulini
IWZ98IWZ,Glenn Gould
IWZ98A60,Murray Perahia
IWZ969BB,Daniel Barenboim
IWZ99007,Pinchas Zukerman
IWZ9798B,Jacqueline du Pré
IWZ9A78D,Bartosz Bryla
IWZ9A78E,Bogumil Nowicki
IWZ9A78C,Pawel Frejdlich
IWZ986OF,David Parry
IWZ98I0D,London Philharmonic Orchestra
IWZ98UEC,2Cellos
IWZ96BDU,Yo Yo Ma
IWZ99WWW,The Trio Florestan
IWZ9BDZ7,Wu Nuo
IWZ9D97A,Kaoru Kukita
IWZ9CC0F,Fu Na
IWZ9CC0E,Gao Zhijian
8a30bc48-9ab2-11e5-8d37-001eecc1ca2a,Micheal Kevin Jones
8a46bb00-9ab2-11e5-853c-001eecc1ca2a,Augstine Maruri
IWZ9B6O9,Eklipse
IWZ9ZCII,Myleene Klass
IWZ97WOW,Angels Of Venice
93c6b874-9ab2-11e5-bb1e-001eecc1ca2a,Kevin Olusola
IWZ98UCW,Gary Karr
IWZ997UE,Maxim Vengerov
IWZ9D9BF,Monotoi
a08f7602-9ab2-11e5-85e9-001eecc1ca2a,Hartmut Rohde
IWZ9CABW,Christian Zacharias
a0c653a2-9ab2-11e5-b2f4-001eecc1ca2a,Leipziger Streichquartett
IWZ9B6W6,Eric Chiryoku
IWZ977OZ,Dia Frampton
IWZ977AF,Itzhak Perlman
IWZ96FZZ,Miyamoto Emiri
IWZ9880W,Andre Rieu
IWZ97O08,Duy Cường
IWZ97W67,Sir Neville Marriner
IWZ98F8W,Vanessa Mae
fe94f782-9ab2-11e5-a48e-001eecc1ca2a,Horns & Strings - Wagner
IWZ9CABZ,Daniel Hope
IWZ988BO,Chamber Orchestra Of Europe
IWZ9A7EW,Ikuko Kawai
IWZ9ZE80,Vĩnh Tâm
IWZ98BFA,Vô Thường
45fbe1e2-9ab3-11e5-a7d4-001eecc1ca2a,Kory Caudill
IWZ97IF8,Swin
5f110740-9ab3-11e5-a3bf-001eecc1ca2a,Ruvin
IWZ9669E,Raimond Lap
IWZ98C0Z,Danbi
IWZ990U7,CREPE
IWZ98C06,Makiko Hirohashi
IWZ986EC,The Me In You
IWZ98O70,Jacques Loussier Trio
IWZ9ZWDE,China Dolls
IWZ96AWC,3.2.1
IWZ9EABU,Baitoey R Siam
IWZ9ZEOZ,The Ting Tings
IWZ98690,Ngô Tông Hiến
72120734-9ab4-11e5-a0b0-001eecc1ca2a,Ấn Tử Nguyệt
IWZ9ZUBW,Hà Khiết
7316f5c2-9ab4-11e5-bedb-001eecc1ca2a,Kim Mân Kỳ
IWZ96O8W,Trần Sở Sinh
IWZ98W7I,Sữa Bò Cà Phê
IWZ99I6A,Trần Lâm
IWZ9ABU7,Trần Hiểu
IWZ98I6B,Lưu Hân
848955b8-9ab4-11e5-91cd-001eecc1ca2a,Trần Nghiên Hy
85b07cf6-9ab4-11e5-856f-001eecc1ca2a,Trương Hinh Dư
IWZ98I7I,Trần Tường
IWZ97UZO,back number
IWZ96F7Z,Akeboshi
a079cca2-9ab4-11e5-aea2-001eecc1ca2a,Musashi Project
a2f7d34c-9ab4-11e5-a877-001eecc1ca2a,Toshio Masuda
IWZ9ZIBZ,AKB48
b33508f4-9ab4-11e5-a7ca-001eecc1ca2a,Chouchou-P
d1722cae-9ab4-11e5-9f0a-001eecc1ca2a,Scenarioart
d1c64c42-9ab4-11e5-b379-001eecc1ca2a,KANA-BOON
d5e94526-9ab4-11e5-9ca1-001eecc1ca2a,Daisy×Daisy
d66813f6-9ab4-11e5-9510-001eecc1ca2a,Magic Party (Japan)
IWZ9ZZB7,Mikuni Shimokawa
IWZ96FFO,SuG
IWZ97EZU,Shiho Nanba
IWZAWCF0,FUNKIST
d97037f6-9ab4-11e5-86b0-001eecc1ca2a,onelifecrew
IWZ99A6W,IDOLING!!!
IWZ98BAC,Watarirouka Hashiritai
IWZ9ZWII,BIGBANG
IWZ9ZWII,BIGBANG
IWZ9ZWII,BIGBANG
IWZ9ZWII,BIGBANG
IWZ9ZWII,BIGBANG
IWZ9ZWII,BIGBANG
IWZ9ZWII,BIGBANG
IWZ9ZWII,BIGBANG
IWZ9ZWII,BIGBANG
IWZ9ZWII,BIGBANG
IWZ9ZWII,BIGBANG
IWZ9ZWII,BIGBANG
IWZ9ZWII,BIGBANG
IWZ9ZWII,BIGBANG
IWZ9ZWII,BIGBANG
IWZ9ZWII,BIGBANG
IWZ9ZWII,BIGBANG
IWZ9ZO0W,Dae Sung
IWZ9ZWII,BIGBANG
IWZ9ZWII,BIGBANG
IWZ9Z6F8,T.O.P
IWZ9ZWII,BIGBANG
IWZ9ZWII,BIGBANG
IWZ9ZWII,BIGBANG
IWZ9ZWII,BIGBANG
IWZ9ZWII,BIGBANG
IWZ9ZWII,BIGBANG
IWZ9ZWII,BIGBANG
IWZ9ZWII,BIGBANG
IWZ9ZWII,BIGBANG
IWZ9ZWII,BIGBANG
IWZ9ZWII,BIGBANG
IWZ9ZWII,BIGBANG
IWZ9ZWII,BIGBANG
IWZ9ZWII,BIGBANG
IWZ9ZWII,BIGBANG
IWZ9ZWII,BIGBANG
IWZ9ZWII,BIGBANG
IWZ9ZWII,BIGBANG
IWZ9Z0AB,IKIMONOGAKARI
IWZ9Z0AB,IKIMONOGAKARI
IWZ9Z0AB,IKIMONOGAKARI
IWZ9Z0AB,IKIMONOGAKARI
IWZ9F0FA,Takanashi Yasuharu
IWZ96WU9,Tiffany
IWZ966OZ,Seohyun
IWZ97O90,Seo Hyeon
IWZ960BW,Teshima Aoi
325de6f4-9ab5-11e5-8284-001eecc1ca2a,Rin'
IWZ9Z0C9,Mai Kuraki
IWZ9Z60B,Yui Makino
IWZ9ZUWB,Every Little Thing
IWZ9780Z,Hiroyuki Sawano
IWZ9Z0AB,IKIMONOGAKARI
IWZ96Z60,FripSide
IWZ96OZA,Kiroro
IWZ9ZI0F,Nakashima Mika
IWZ960BU,Asako Toki
IWZ9C8CB,EGOIST
IWZ9ZUUA,w-inds.
IWZ970OA,Tiara
IWZ9ZZBI,DBSK
IWZ9ZZCC,Anri Kumaki
47df40de-9ab5-11e5-8111-001eecc1ca2a,LiSA (Love is Same All)
4895c2d2-9ab5-11e5-86a2-001eecc1ca2a,Hana Hana
49490802-9ab5-11e5-bc65-001eecc1ca2a,BACK-ON
49943870-9ab5-11e5-b2c9-001eecc1ca2a,BRIGHT (Japan)
4b78a718-9ab5-11e5-9dad-001eecc1ca2a,Konomi Suzuki
4c4040a4-9ab5-11e5-b097-001eecc1ca2a,Yuki Murata
IWZ9Z0AB,IKIMONOGAKARI
IWZ98WAI,Nakamura Maiko
IWZ98IA8,CLIFF EDGE
IWZ9ZDBB,Rikki
IWZ9ZW0E,2PM
5ebe855c-9ab5-11e5-b9c3-001eecc1ca2a,GD&TOP
IWZ979UF,Skull
IWZ9876E,Susan Wong
IWZ98B0Z,Julienne Taylor
IWZ989OA,The Wayfaring Strangers
IWZ988CZ,Tish Hinojosa
IWZ988C6,Cheryl Wheeler
IWZ989OB,Carrie Newcomer
IWZ989O8,Claire Lynch
IWZ9ZIFE,Alison Krauss
IWZ97ZZ9,Union Station
IWZ989O9,Nanci Griffith
IWZ989O7,Rhonda Vincent
IWZ988EE,Niki King
IWZ988D7,Noon
IWZ988DW,Salena Jones
IWZ97BB8,Kelly Sweet
IWZ988ED,Pamela Luss
IWZ98U9W,Houston Person
IWZ988EC,Mary Ann Hurst
IWZ97UCD,Eva Cassidy
IWZ988EB,Sarah Morgann
IWZ97COZ,Regine Velasquez
IWZ988EA,Keri Noble
IWZ9Z80U,ANGELA
IWZ988DA,Rebecca Pidgeon
IWZ96FE8,Lydia
IWZ977ZI,Jackie Evancho
IWZ98DAA,The Tenors
IWZ97Z0U,Joshua Bell
IWZ9AAII,Jacob Evancho
IWZ9ZZ6Z,Chris Botti
IWZ989UA,Sachal Vasandani
IWZ989U9,Tony DeSare
IWZ988DE,Livingstone Taylor
IWZ988E0,Hayati Kafe
IWZ989UO,Lee Lessack
IWZ989U8,Ken Page
b011653e-9ab5-11e5-ace1-001eecc1ca2a,Tony O'Malley
IWZ989U7,DK Ibomeka
IWZ989U6,Joe Francis
IWZ988EW,Al Somma
IWZ988DC,Tim Tamashiro
IWZ989UZ,Monte Procopio
IWZ989UU,Brian Lane Green
IWZ96CW6,Don Williams
IWZ989UW,Todd Gordon
IWZ9ZBEW,Stacey Kent
IWZ960WC,Smokie
IWZ9Z68U,Deep Purple
IWZ96UEA,Olivia Ong
IWZ98FCZ,Inuzuka Saeko
IWZ98AZO,Mimi Lo
IWZ98CFB,New Age
IWZ988DZ,Cheryl Bentyne
IWZ98AZI,Jacqui Naylor
IWZ98D97,Andrew Lloyd Weber
IWZ98DF7,Mike Silver
IWZ988D0,Sofia Petersson
IWZ988CU,Jheena Lodwick
IWZAWCBC,Lisa Wahlandt
IWZ989B8,Vittorio Grigolo
IWZ98FFW,Laura Fygi
IWZ98DFF,Irene Au
IWZ98DC0,David Munyon
IWZ9ZFI0,Chris Norman
IWZ9ZIUW,ABBA
IWZ9ZCAC,Stevie Wonder
IWZ988E7,Marcela
IWZ9ZUAW,Bob Dylan
IWZ98AZZ,Michelle
IWZ9Z76D,The Platters
IWZ98CU0,Christiane Eiben
IWZ98CUZ,Cynthia M
IWZAW7AW,Softband
IWZ96UU8,Status Quo
IWZ969AA,Sissel
IWZ98DAF,Andrea Ross
IWZ9ZAB6,Luciano Pavarotti
IWZ967AA,Henry Mancini
IWZ9Z70I,Ella Fitzgerald
IWZ98DAA,The Tenors
IWZ98AZW,Bonnie Lam
IWZ9ZZCO,Clay Aiken
IWZ98DBI,Ute Lemper
IWZ98DFD,Michelle Tse
IWZ9ZO9W,Barbra Streisand
IWZ9CA0D,Kan Mok
IWZ97C9E,Sabrina
IWZ98F86,Jinchi
IWZ98F86,Jinchi
IWZ98F9O,Tongli
IWZ98F9O,Tongli
IWZ9ZEUU,Tina Turner
IWZ960OO,Paul Mauriat
129d6d0c-9ab6-11e5-bd30-001eecc1ca2a,Claude François
IWZ98BOE,La Bouche
IWZ98UAW,Tokyo Square
IWZ96A6O,Wham
IWZ96EU6,Haddaway
IWZ9Z9EC,Leo Sayer
IWZ9ZIAI,Air Supply
IWZ9ZE90,Vanessa Paradis
IWZ9ZDFZ,Phil Collins
IWZ9ZA6Z,Michael Bolton
IWZ9ZCU7,Neil Sedaka
IWZ96UBW,The Turtles
IWZ9Z7WA,The Everly Brothers
IWZ9Z778,George Michael
IWZ97A88,Lobo
IWZ97098,BWO
IWZ9Z80F,Jason Donovan
IWZ9ZFI8,Berlin
IWZ97EBC,Kendrick Lamar
IWZ9BUBW,Disclosure
IWZ9ZADO,Lyfe Jennings
IWZ9ZECA,Q Tip
IWZ9Z60C,Da Brat
46060a10-9ab6-11e5-ae50-001eecc1ca2a,J. Holiday
IWZ96A9W,The Dream
46fde546-9ab6-11e5-bfa6-001eecc1ca2a,K. Michelle
IWZ9ZIEO,Alicia Keys
IWZ9Z96W,Kelly Rowland
IWZA00WD,Lil' Wayne
IWZ9Z6FF,Eli Young Band
IWZ98ID0,Kip Moore
IWZ96WBD,Lee Brice
595c7dba-9ab6-11e5-8f8e-001eecc1ca2a,Ca$h Out
IWZ988BU,Havana Brown
IWZ9Z80D,Jason Aldean
IWZ9Z7CD,Lily Allen
5ca1bcca-9ab6-11e5-a265-001eecc1ca2a,Selena Gomez & The Scene
IWZ96WZD,Toby Keith
IWZ96UAE,Train
IWZ98797,Kirko Bangz
IWZ9Z968,Kenny Chesney
IWZ9ZOC9,Carrie Underwood
IWZ9Z797,Gym Class Heroes
IWZ9Z77Z,Gavin DeGraw
IWZ98Z07,Karmin
IWZ98ZEE,Hunter Hayes
IWZ97ECI,Neon Hitch
IWZ9890I,Phillip Phillips
IWZ96OBB,Owl City
IWZ98D68,Alex Clare
IWZ96WDW,LMFAO
IWZA00WD,Lil' Wayne
IWZ98ZBA,Gotye
IWZ98ZBB,Kimbra
IWZ9Z8UW,Tim McGraw
IWZ9Z7U7,Faith Hill
IWZ96WUO,The Band Perry
IWZ9Z90F,Keith Urban
IWZ9ZUIO,Beck
IWZ997OE,Charli XCX
IWZ9ZOWE,Alexander Rybak
IWZ9609F,Ronan Keating
IWZ9Z6Z9,Gareth Gates
IWZ9ZDEA,Peter Andre
IWZ9ZUEO,Brian McFadden
IWZ9Z68D,Delta Goodrem
IWZ9Z099,Aaron Carter
IWZ96IDC,Daniel Bedingfield
IWZ96IAO,Bosson
IWZ97IEO,Stevie B
IWZ9Z6OW,Darren Hayes
IWZ9ZE8I,Trisha Yearwood
IWZ96I6E,A1
IWZ9ZO78,Atomic Kitten
IWZ9Z9F6,Martina Mcbride
IWZA00WD,Lil' Wayne
IWZA00WD,Lil' Wayne
IWZ9Z97C,Keri Hilson
b4be12a4-9ab6-11e5-be08-001eecc1ca2a,D.O.E.
IWZ96WOD,Taio Cruz
IWZ96W98,Jason Derulo
bda28834-9ab6-11e5-90d9-001eecc1ca2a,All-4-One
IWZ97W06,Ashthon Jones
IWZ99AB9,Antoneus Maximus
IWZ9Z7U6,Faith Evans
IWZ9ZOC6,Sean Kingston
IWZ96W98,Jason Derulo
IWZ96B0Z,Lupe Fiasco
IWZ9769E,Gabrielle
IWZ96W98,Jason Derulo
IWZ9B76U,Mikky Ekko
IWZ976CC,Auburn
IWZ9D86F,Banks
d7afc74c-9ab6-11e5-bc99-001eecc1ca2a,Snakehips
IWZ9EUF6,Chance The Rapper
IWZ97FZW,Eva Simons
IWZ96OFF,Sidney Samson
IWZ9ZUZO,Billy Gilman
IWZ96EU7,DJ Earworm
d982f3c6-9ab6-11e5-9e33-001eecc1ca2a,Mr. Little Jeans
IWZ977A0,Alexandra Stan
da4dd1c6-9ab6-11e5-b039-001eecc1ca2a,LP
dae4c3b0-9ab6-11e5-9192-001eecc1ca2a,Keith James
db3d6f36-9ab6-11e5-9b44-001eecc1ca2a,99 Souls
IWZ9ZUCE,Brandy
dc1d6a08-9ab6-11e5-b091-001eecc1ca2a,Big Narstie
IWZAUZO9,Sigma
IWZ9Z7ID,Enya
IWZ9ZIAU,Good Charlotte
IWZ9Z8WA,Jennifer Nettles
IWZ9ZCW7,Aurora
e44b4894-9ab6-11e5-af5c-001eecc1ca2a,Camila Cabello
IWZ97967,Foster The People
IWZ97OZB,Hedley
IWZA6O7W,Chris Lane
e8870336-9ab6-11e5-8b40-001eecc1ca2a,Empire Cast
e89d2862-9ab6-11e5-9852-001eecc1ca2a,Jussie Smollett
IWZ9ZOWO,Angie Stone
IWZ9ZB06,Sara Bareilles
IWZ98UAF,MiA
IWZ9ZCCA,Sufjan Stevens
f463965a-9ab6-11e5-a4fe-001eecc1ca2a,Jennifer Lawrence
IWZ9ZEA8,Will Young
IWZ9Z7ZF,Foo Fighters
IWZ97BF8,Bonnie Mckee
IWZ9Z9A7,M
IWZ9D87U,Fuse ODG
IWZ98DOE,Fedde Le Grand
00ba4440-9ab7-11e5-9e50-001eecc1ca2a,Julian Perretta
IWZA09ID,Dimitri Vegas
IWZ9C9E8,Mike Will
031d65a8-9ab7-11e5-93f4-001eecc1ca2a,W&W
IWZAZ8AA,Wolfpack
IWZ96WAA,Katy B
IWZAOWWW,MOGUAI
IWZAWD9B,Vinai
IWZ9ZFDU,Ummet Ozcan
IWZ96DDF,Skylar Grey
IWZ96E8B,Ryan Tedder
103a3d0c-9ab7-11e5-b95f-001eecc1ca2a,Sonny Wilson
IWZAW67Z,Sam Martin
IWZAWD7E,Beardyman
1782a2ee-9ab7-11e5-9158-001eecc1ca2a,Kaz James
IWZ9DDOO,Glowinthedark
IWZ97D8B,Birdy
1c437478-9ab7-11e5-9365-001eecc1ca2a,Jaymes Young
1f8dd770-9ab7-11e5-afc5-001eecc1ca2a,Ms. Dynamite
IWZ98CEC,Aleesia
IWZ99W96,Sander Van Doorn
227ae1cc-9ab7-11e5-96d5-001eecc1ca2a,Matisse & Sadko
IWZ9ZOD9,Ying Yang Twins
IWZ9CAUB,Big Freedia
2df7d950-9ab7-11e5-bef8-001eecc1ca2a,Yellow Claw
2e67d3fe-9ab7-11e5-b35b-001eecc1ca2a,MERCER
31a03e0a-9ab7-11e5-8ebd-001eecc1ca2a,Bipolar Sunshine
35035b78-9ab7-11e5-9334-001eecc1ca2a,Chris Hart
356c72a6-9ab7-11e5-92f2-001eecc1ca2a,Tim Rushlow
IWZAOEBF,MacKenzie Porter
IWZ9Z9DE,LeAnn Rimes
376c5646-9ab7-11e5-981a-001eecc1ca2a,Jessie James Decker
IWZ97D6W,Idina Menzel
IWZ9BZ66,Nashville Cast
38a1169e-9ab7-11e5-b5bb-001eecc1ca2a,Clare Bowen
IWZ96I7D,Ashanti
IWZ966UB,Darius Rucker
IWZ9Z9AF,Kris Allen
IWZ9ABU9,Cimorelli
IWZ9ZEZI,Tony Bennett
IWZ9ZZAE,Jon Mclaughlin
473a4012-9ab7-11e5-81b7-001eecc1ca2a,Mo Pitney
IWZ9Z69A,Dierks Bentley
IWZAOIW8,Chase Rice
IWZ9Z7E9,Jake Owen
4a2f7748-9ab7-11e5-8fa4-001eecc1ca2a,Cole Swindell
IWZ97W09,Scotty McCreery
IWZAIFIC,Dan + Shay
IWZ976U7,Jana Kramer
IWZ9ZU90,Blake Shelton
IWZ9860Z,Canaan Smith
IWZAUEUW,Kelsea Ballerini
4f96bba2-9ab7-11e5-bb59-001eecc1ca2a,Maddie & Tae
IWZ9EWIF,Brett Eldredge
51a6489a-9ab7-11e5-afe5-001eecc1ca2a,Monty Lane Allen
IWZ9A7FE,Pistol Annies
IWZ9Z9I9,Kellie Pickler
IWZ9Z0DE,Alan Jackson
IWZAZBCC,Mickey Guyton
IWZ9ZBFO,Miranda Lambert
581f42d2-9ab7-11e5-89d2-001eecc1ca2a,Cody Johson
IWZ9D80O,Katie Armiger
IWZ98UCF,Brantley Gilbert
IWZ9Z0DW,Aaron Watson
IWZ9ZB9C,SHeDAISY
IWZ9A90O,Wade Bowen
IWZ9CC7E,Kacey Musgraves
IWZ98W0E,Jason Isbell
649bec70-9ab7-11e5-95b6-001eecc1ca2a,American Young
IWZ9ZA97,Lonestar
IWZ97IUU,Alabama
IWZ9Z8ZW,Jewel
IWZ9ZBFE,Montgomery Gentry
68439ede-9ab7-11e5-94f8-001eecc1ca2a,The Robertsons
IWZ9ZA7B,Michael W. Smith
IWZ9CFF7,The Henningsens
IWZ9CFFZ,Jerrod Niemann
IWZ9ZUBE,Brad Paisley
IWZ9A977,Matthew West
IWZ9ZB09,Sara Evans
IWZ9F79U,Olivia Henken
6b8e970c-9ab7-11e5-a471-001eecc1ca2a,Josh Logan
IWZ97CD0,Whitney Duncan
IWZ9DAB0,Suzy Bogguss
7029278c-9ab7-11e5-af05-001eecc1ca2a,Trypta-Phunk
IWZ9ZFWC,Rascal Flatts
IWZ98OBO,Connie Francis
IWZ9ZBIW,Shania Twain
IWZ9Z899,John Lennon
IWZ9FUEZ,Holly Henry
IWZ98UCB,George Strait
IWZ98UUF,Bill Haley
IWZ97E9E,Bob Wills
IWZ9Z6CO,Dolly Parton
IWZ9679F,Garth Brooks
IWZ966OF,Willie Nelson
IWZ98IU7,Blue Rodeo
IWZ960OW,Julio Iglesias
IWZ9ZDU6,Terri Clark
IWZ98AD9,Ashley Monroe
IWZ97A9U,Easton Corbin
90179ce6-9ab7-11e5-901b-001eecc1ca2a,Taylor Henderson
IWZ9Z860,Jo Dee Messina
IWZ96U86,The Moffatts
981b1702-9ab7-11e5-88c3-001eecc1ca2a,Dalida
IWZ9A0D6,Teddy Thompson
9d04f9d2-9ab7-11e5-b8d8-001eecc1ca2a,American Authors
IWZ9887C,The Judds
IWZ9AWEC,Colt Ford
IWZ9Z8BB,Josh Turner
IWZ97EF8,The Civil Wars
ad3b8868-9ab7-11e5-b7e2-001eecc1ca2a,Kraak & Smaak
ad4cf69c-9ab7-11e5-a489-001eecc1ca2a,Ben Westbeech
adb2f4e6-9ab7-11e5-abad-001eecc1ca2a,Celestina
adc37cf8-9ab7-11e5-82d4-001eecc1ca2a,Bianca Raquel
ae297a4c-9ab7-11e5-9984-001eecc1ca2a,Dirtcaps
ae8db5d0-9ab7-11e5-b35d-001eecc1ca2a,Zeds Dead
IWZ96DE0,Waka Flocka Flame
IWZ98BA8,Nerd
IWZ9ZDAF,OK Go
IWZ98ZU7,Mayer Hawthorne
IWZA00WD,Lil' Wayne
b4f551c2-9ab7-11e5-b63f-001eecc1ca2a,Reflection Eternal
b54b8462-9ab7-11e5-b999-001eecc1ca2a,Dj Scoob Doo
IWZ9D0ZC,Camron
IWZ96B08,Vado
IWZ9D0ZC,Camron
IWZ96A8A,Young Jeezy
IWZ9ZA9I,Lloyd Banks
b83a721e-9ab7-11e5-bda4-001eecc1ca2a,L.a.d.
IWZ96CEA,Styles P
IWZA00WD,Lil' Wayne
IWZA00WD,Lil' Wayne
ba0d7e40-9ab7-11e5-9cc0-001eecc1ca2a,Game
IWZ96A9E,Birdman
IWZ9B69A,Danny Mercer
IWZ9B699,TJR
c9019542-9ab7-11e5-9617-001eecc1ca2a,Famous To Most
cb842c5c-9ab7-11e5-a133-001eecc1ca2a,Fito Blanko
IWZ98BWE,French Montana
IWZAU97U,Nicky Jam
IWZ966O7,DJ Shadow
IWZ967FC,Mos Def
IWZ98AE0,Prince Royce
IWZ9C9D0,Young Thug
IWZA00WD,Lil' Wayne
IWZ9ZIIF,50 Cent
IWZA00WD,Lil' Wayne
ea7fa5a2-9ab7-11e5-9e5a-001eecc1ca2a,Big Makk
IWZ9878B,Childish Gambino
ef3fed38-9ab7-11e5-bc76-001eecc1ca2a,Pharrell
f13a50cc-9ab7-11e5-8479-001eecc1ca2a,B.G.
IWZ96BZI,Bei Maejor
IWZ990D7,The Alchemist
IWZ9Z6CI,DMX
IWZ96CCC,Diddy Dirty Money
IWZ9ZEA7,Will.i.am
IWZ9ZODB,Ice Cube
IWZ9EZED,Moptop
IWZ9Z8ZO,Jibbs
IWZ96D7F,Far East Movement
IWZ96ZB7,Arash
IWZ9799W,Zephyr
IWZ96C0A,Ester Dean
IWZ96OCU,Plan B
035e55e4-9ab8-11e5-b252-001eecc1ca2a,DJ Sneak
IWZ96IEW,Daughtry
IWZ9ZII9,30 Seconds To Mars
IWZ9BIDE,Stonesour
IWZ99WW0,Saving Abel
IWZ96I7I,Adelitas Way
IWZ9ZWWB,Alter Bridge
IWZ96D0B,Halestorm
IWZ9Z7ZB,Flyleaf
IWZ97ABF,Black Stone Cherry
IWZ9ZZF0,Creed
IWZ9BIDE,Stonesour
IWZ9DAFD,Sick Puppies
IWZ9ZEAA,Within Temptation
IWZ96UWW,Skillet
IWZ9A0C7,In This Moment
IWZ96IBF,Buckcherry
IWZ9Z7W7,Evanescence
IWZ96W7W,Hoobastank
IWZ96W7I,Hinder
IWZ96OF6,Seether
IWZ9ZWZD,Amy Lee
IWZ9ZZ77,Kings Of Leon
IWZ9ZC0E,My Chemical Romance
IWZ9Z79O,Green Day
IWZ9ZA06,Pink Floyd
IWZ9ZU67,U2
IWZ9Z8OW,Van Halen
IWZ960B8,Skid Row
IWZ9ZD9F,Oasis
IWZ9ZDO0,Nirvana
IWZ9ZIUF,Aerosmith
IWZ9ZAZE,Metallica
IWZ9ZECB,Queen
IWZ96U80,The Cranberries
IWZ9Z609,The Beatles
IWZ9Z7UF,Fefe Dobson
IWZ9ZZ60,Cher
IWZ98IDD,The Gathering
IWZ98OA8,Eric Martin
IWZ9ZFWZ,Rage
IWZ9980A,Bastille
IWZ9ZEFD,Radiohead
IWZ9Z0D7,Adam Lambert
IWZ9ZA66,Michael Bublé
IWZ9A6BF,Badfinger
IWZ9CW6Z,Lee Mallory
5c464f90-9ab8-11e5-b28a-001eecc1ca2a,Руки Bверх (Hands Up)
IWZ988BD,Sonic Boom Six
IWZ98BAI,Thousand Foot Krutch
IWZ9ZDBZ,One Republic
IWZ9ZW7O,Daniel Powter
IWZ9Z6Z7,David Bowie
IWZ960OB,Yngwie Malmsteen
IWZ9ZDBZ,One Republic
IWZ9ZZ6E,Chris Isaak
7595a1d4-9ab8-11e5-8888-001eecc1ca2a,Shy Carter
IWZ9ZZB0,Jordin Sparks
804520c0-9ab8-11e5-b157-001eecc1ca2a,India.Arie
IWZAI89F,Joe Sample
IWZ96ZWI,Elvis Presley
IWZ9Z699,Dido
IWZ9Z9FC,Marvin Gaye
IWZ9ZEOE,Pretenders
9f47fd76-9ab8-11e5-b836-001eecc1ca2a,Wizzard
IWZ976OA,The Wombats
IWZ96U8O,The Glee Cast
IWZ989ZO,Brenda Lee
IWZ9Z707,Elton John
IWZ97FAZ,Bé Phương Nhi
a6290e2e-9ab8-11e5-9d72-001eecc1ca2a,Nhóm Hoa Tay
IWZAWW7U,Bé Nhật Lan Vy
IWZ9ZOF6,Nguyễn Phi Hùng
a7e6a7c0-9ab8-11e5-9684-001eecc1ca2a,Bé Hiếu Kiên
aa850db6-9ab8-11e5-9800-001eecc1ca2a,Bé Bảo Ngân
IWZAWW7O,Bé Ju Uyên Nhi
IWZ96F87,Bé Bảo An
IWZAUB0E,Hồng Hải (Nhóm Tin Tin)
IWZ9CU79,Nguyệt Hằng
IWZ9Z8IU,Đình Văn
IWZ9ZD0A,Ngọc Linh
IWZ97O78,Thu Ngọc
IWZA6WEC,Phương Thảo
IWZ9AF96,Ngọc Lê
IWZ97O7E,Hòa Tấu
IWZ9CUDW,Nhóm Mây Hồng
IWZ97O6Z,Cao Tấn Chương
IWZ9CU7O,Tốp Ca
IWZ9CZUE,Nhóm Mùa Đông
IWZAZ6Z9,Robin Gia Bảo
IWZ9ZBAZ,Mắt Ngọc
ebf490de-9ab8-11e5-8c90-001eecc1ca2a,Bé Bạch Lê Quỳnh Anh
ef6d0438-9ab8-11e5-968c-001eecc1ca2a,Bé Y Jang Hary
IWZ96F87,Bé Bảo An
IWZ96F87,Bé Bảo An
IWZ96F87,Bé Bảo An
IWZ96F87,Bé Bảo An
IWZ96F87,Bé Bảo An
IWZ96F87,Bé Bảo An
IWZ96F87,Bé Bảo An
IWZ96F87,Bé Bảo An
IWZ96F87,Bé Bảo An
IWZ96F87,Bé Bảo An
IWZ96F87,Bé Bảo An
IWZ96F87,Bé Bảo An
IWZ97FA9,Miss Sàn Nhạc
IWZ97FA8,Mister Sàn Nhạc
IWZ97FA6,Bé Nhựt Linh
IWZ97FA7,Bé Thanh Tuyền
IWZ97FAU,Bé An Nhi
IWZ9ZC6B,Phan Đinh Tùng
IWZ97FAO,Bé Tường Vy
IWZ97FAW,Bé Triệu Vy
IWZ97OUZ,Tốp Ca Thiếu Nhi
IWZ980Z7,Yến Hương
IWZAZZFC,Bé Thiện Nhân
IWZ98Z09,Khiết Ngọc
IWZ9A866,Mộng Nhi
IWZ96D68,Anh Thư
IWZ9ZCED,Xuân Nghi
IWZ9ZUWZ,Mộng Thi
2b043fac-9ab9-11e5-9918-001eecc1ca2a,Quỳnh Chi (Đồ Rê Mí 2007)
IWZ96EFB,NSƯT Thành Lộc
IWZAZDZA,Bé Minh Thư
IWZ97786,Tố Hà
IWZ97OUA,Diễm Quyên
IWZAZEUW,Bé Như Quỳnh
IWZ98O8U,Phi Long
42ea6958-9ab9-11e5-87ab-001eecc1ca2a,Thảo Anh (Nhóm Mắt Nai)
IWZ9ZUA8,Vũ Khanh
IWZ96WUW,Trịnh Công Sơn
IWZ9ZA96,Công Trứ
IWZ97FUU,Xuân Huyền
IWZ97EWW,Thanh Yên
IWZ97FUZ,Phương Phương
IWZ97FU6,Khắc Huy
IWZ97FUO,Nguyệt Hạnh
IWZ97FUW,Ẩn  Lan
IWZ96EBB,Tuyết Thanh
4f1b878a-9ab9-11e5-91f1-001eecc1ca2a,Phương Ngọc
IWZ9Z7CA,Hoàng Lê Vi
IWZ9ZW6D,Thanh Hà
IWZ988B6,Giang Trang
IWZ9ZC0Z,Tấn Sơn
IWZ9ZWU9,Mỹ Lệ
IWZ9CZ9E,Hoàng Ngân
IWZ96WD9,Trịnh Vĩnh Trinh
IWZ9ZWB6,Cẩm Vân
IWZ96ZD9,Tam Ca 3A
IWZ9ZCF0,Xuân Phú
IWZ9ZOB9,Ngọc Lan
IWZ9ZOZ9,Đức Tuấn
IWZ9ZDOI,Hoàng Nhật Minh
IWZ9ZIAA,5 Dòng Kẻ
IWZ97FUW,Ẩn  Lan
IWZ99AAO,Quỳnh Anh
IWZ9C0EI,Kim Ánh
IWZ97FUW,Ẩn  Lan
IWZ99UUW,Nguyễn Tuấn
IWZ98OWE,Nguyễn Thị Huyền
IWZ96FZ9,Toàn Nguyễn
IWZ9Z97W,Thanh Thúy
IWZ969FZ,Lan Phương
IWZ9ZW9U,Elvis Phương
IWZ9ZW7B,Khánh Ly
IWZ9ZW8D,Tuấn Vũ
IWZA0B9W,Phương Thùy (Nhóm Phù Sa)
IWZ9ZZIE,Nguyễn Đình Toàn
IWZ9Z08C,Tuấn Ngọc
IWZ9ZOC0,Tuấn Hưng
IWZ9ZOBZ,Mây Trắng
IWZ96ZDD,Thái Hòa
IWZ9ZDO8,Lô Thủy
IWZ9ZAI6,Tam Ca Áo Trắng
IWZ968UC,Minh Chuyên
IWZ9Z0AI,Hồng Ngọc
096b3f82-9aba-11e5-959b-001eecc1ca2a,Lil' Kani
IWZ96U0C,Eddy Việt
IWZ96ZF9,Nguyễn Hồng Hải
IWZ9ZCCF,Ưng Đại Vệ
IWZ9ZOB8,Ngô Thanh Vân
IWZ9Z76A,Phương Anh
0ef4e638-9aba-11e5-a5db-001eecc1ca2a,JayTee
IWZ97OFC,LinhKent
IWZ9Z9ZD,Đăng Khôi
IWZ97WE9,Bueno
IWZ9C7Z9,VinC
IWZ9808D,KanCC
IWZAWDWC,The Boom
IWZ9CA88,Mastic
IWZ96AF7,Zugi
29f5965a-9aba-11e5-8156-001eecc1ca2a,Goldfeezy
IWZ9BCWE,Kick
IWZ9DU9F,Imagine
2b933ccc-9aba-11e5-b455-001eecc1ca2a,MinGo
IWZ97OEE,Lee7
IWZ9CEOC,Lâm Nguyễn
2cbb88c2-9aba-11e5-a652-001eecc1ca2a,Jukey Bùi
2ccfb440-9aba-11e5-801c-001eecc1ca2a,Yobo Hoàng Anh
IWZ9D80D,BlackBi
2f4233c0-9aba-11e5-8617-001eecc1ca2a,Vinh Râu
IWZAW98Z,Trang
IWZAZ608,TAO
IWZ96CCI,T.I.N
IWZ98OWD,Trương Lệ Vân
IWZA0AI6,Cao Cẩm Tú
IWZ97U66,Mr Sol
IWZ9ZW78,Hoàng Châu
IWZ9ZBO7,Anh Khang
IWZ97CDD,Trịnh Thiên Ân
IWZ97F9E,Lê Chí Trung
IWZ966WZ,Trần Tuấn Lương
IWZ968UE,HKT
IWZ9C0DU,TeA
648845cc-9aba-11e5-af13-001eecc1ca2a,Lil Wind
IWZ9B70W,ItsLee
IWZAZ608,TAO
6b07c514-9aba-11e5-898d-001eecc1ca2a,Bãoz
IWZ9DE0E,Roy P
IWZ9CC9Z,Will (365DaBand)
6bc1c3cc-9aba-11e5-8dc4-001eecc1ca2a,ZS Binak
6c2a9eda-9aba-11e5-8451-001eecc1ca2a,STO
6d3aaa1e-9aba-11e5-bf7c-001eecc1ca2a,R.I.C.K
IWZ978ZA,Spy
IWZ96FEW,Kimjoonshjn
IWZ96FE0,Le Thao Lee
IWZ9AADE,TinyC
78cd3a14-9aba-11e5-b61c-001eecc1ca2a,B-Wine
IWZ9B6BC,Thanh Nguyễn
IWZ98Z0O,Jay V
IWZ9DF7W,Spulez Band
IWZ99UD8,Pjpo
IWZ97766,Bobbie
IWZ9EEU8,Phutoro
IWZAU6UE,Am1r
8f641488-9aba-11e5-b7fd-001eecc1ca2a,Goctoi
IWZ997BZ,BDT
IWZ98EEU,Diby
98046f92-9aba-11e5-96a6-001eecc1ca2a,Joker's Rule
IWZ97UOU,Nguyễn Hồng Thuận
IWZ9EWB6,Phương Mỹ Chi
IWZ9F69I,Thùy Dương
IWZ9Z79I,Kasim Hoàng Vũ
IWZ96FZB,Thủy Triều Đỏ
IWZ96U66,J.Lee
IWZ96C98,Thai Viet G
IWZ9Z9W7,Brother A Tuấn Anh
IWZ97AO6,Hà Văn Đông
IWZ96CAZ,Phạm Anh Khoa
IWZ9ZBBU,Minh Thư
IWZ9ZEC7,Ngũ Cung
IWZ969A6,Từ Hiền Trang
IWZ96BFU,Huy Kid
IWZ9EW8U,Võ Nhật Anh
IWZ98CCI,Bùi Văn Quyền
IWZ9ZF0F,Y Moan
IWZ97FCI,Addy Trần
315ad1e2-9abb-11e5-8c9d-001eecc1ca2a,DJ Amenking
IWZ9BCUA,Helen Trần
IWZAUEB9,DJ DSmall
IWZ9FWBO,BeeBB
IWZA6ZOI,MastaL
IWZA6I9I,Bá Hưng
IWZAUEB9,DJ DSmall
IWZ977ZC,Lam  Anh
IWZ977ZC,Lam  Anh
IWZ977ZC,Lam  Anh
IWZ977ZC,Lam  Anh
IWZ977ZC,Lam  Anh
IWZ977ZC,Lam  Anh
IWZ977ZC,Lam  Anh
IWZ96DUZ,Tường Nguyên
IWZ9A67U,Tường Khuê
IWZ96FUI,Hoàng Lan
IWZA0B9W,Phương Thùy (Nhóm Phù Sa)
8289a148-9abb-11e5-9e42-001eecc1ca2a,Trúc Linh – Trúc Lam
IWZ976EF,Trường Sơn
IWZ9ZUWO,Ngọc Hạ
IWZ9DAU7,Viết Trung
IWZ9BCU9,Lâm Chi Khanh
IWZ9ZDOB,Long Nhật
IWZ97F08,Lý Diệu Linh
IWZ9DIIO,Thiên Quang
IWZAIEB0,Văn Anh
IWZ9ZZAW,Phạm Khánh Hưng
IWZ9ZC7W,Phùng Ngọc Huy
IWZ9ZB9F,Mai Phương
IWZ9699U,Thùy Trang
IWZ9ZD6I,Nguyễn Hoàng Nam
IWZAOIUI,Kim Linh
IWZ9ZBIC,Vương Hải
IWZAUFO8,Triệu Việt Quân
IWZA67FD,J.T Hữu Toàn
IWZA677D,Hồng Chinh
IWZA680O,Phương Dung
IWZA6IWF,Hoàng Tuấn Kiệt
IWZ990EA,Huỳnh Minh Anh
da45b8e8-9abb-11e5-bf2f-001eecc1ca2a,Raper SMO
IWZAZ8U7,Phạm Anh Duy
IWZAZ8UA,Nguyễn Kiều Anh
IWZ96BUE,Lưu Minh Tuấn
IWZ9ZUAB,Uyên Trang
IWZ988ZW,Jim Brickman
IWZ97EOB,Kashiwa Daisuke
fb54a6de-9abb-11e5-bcfb-001eecc1ca2a,Kang Chae Yi
IWZ9ZU9F,Dia
IWZ9ZAO0,M to M
IWZ9Z08E,Gummy
IWZ96B77,Group S
IWZ97I8B,Song Ji Eun
IWZ9ZAWF,Monday Kiz
IWZ97U00,Luna (fx)
0562b178-9abc-11e5-b100-001eecc1ca2a,Heart B
05bc027a-9abc-11e5-9042-001eecc1ca2a,Park Soo-Jin
IWZ96WCD,Kyu Hyun
IWZ9ZWBI,J
IWZAZF0C,Wax
077402c8-9abc-11e5-b29d-001eecc1ca2a,J-Walk
IWZAZU6W,N.Flying
IWZAIDBF,HIGH4
IWZ9DI6A,History
09bcdd28-9abc-11e5-8ab4-001eecc1ca2a,SEVENTEEN
0a18c008-9abc-11e5-b0d3-001eecc1ca2a,Eun Ji-won
IWZ9CUZI,Eric Nam
IWZ98C0D,Park Ji Min
IWZ9868I,SPEED
IWZ9D77C,Boys Republic
IWZ9Z9OW,Lee Seung Chul
10c381d8-9abc-11e5-8ed5-001eecc1ca2a,HaLo
1190725c-9abc-11e5-8c5d-001eecc1ca2a,Bumkey
11f43322-9abc-11e5-8f03-001eecc1ca2a,SLEEPY
IWZ9AUFA,Melody Day
IWZ9Z7O6,TEEN TOP
IWZ9Z608,Lee Seung Gi
IWZ9Z89A,Kim Tae Woo
IWZ96F8U,Sojin
IWZ9CE7I,Hong Dae Kwang
IWZ98Z8E,Tiger JK
18d5966c-9abc-11e5-9b16-001eecc1ca2a,Yoonmirae
193c0c1e-9abc-11e5-81bf-001eecc1ca2a,G.Soul
IWZAWF8E,Yook Sung Jae
19e31b3e-9abc-11e5-a3af-001eecc1ca2a,Namjoo (A Pink)
IWZ976DA,Aliee
IWZ98C09,Baek Ah Yeon
22cabae8-9abc-11e5-908a-001eecc1ca2a,Mamamoo
IWZ98FIO,Sunny Days
IWZ97CFF,MJ
IWZ966CF,Elsie (Eunjung)
267d7ffa-9abc-11e5-acc9-001eecc1ca2a,Kim Tae Bum
IWZ9709O,Kang Seung Yoon
IWZ99A6B,Acoustic Collabo
IWZ9D77B,Philtre
IWZ9Z7O7,Younha
IWZ96ZAD,Lee Hyun
2a56255a-9abc-11e5-aaa4-001eecc1ca2a,Gavy N.J
IWZ9ZWC8,Lee Jong Hyun
2b1b9c5c-9abc-11e5-b686-001eecc1ca2a,Stella Jang
IWZ9Z08D,Baek Ji Young
IWZ9ZA8U,Na Yoon Kwon
IWZ96WZ9,Na Woon Joo
2c4f8d64-9abc-11e5-8f45-001eecc1ca2a,Bernard Park
IWZ9Z8EF,Lena Park
IWZ9CFFE,Cheetah
IWZ97EE0,Stellar
IWZ9ZW7Z,TVXQ
IWZAUW66,Sonamoo
3b8a4282-9abc-11e5-b6d0-001eecc1ca2a,Jung Seung Hwan
IWZ960DF,Leessang
IWZ96F7E,Suzy
IWZ9E9CE,NC.A
IWZ98EII,HELLOVENUS
IWZ976CF,Primary
3f2fa700-9abc-11e5-9527-001eecc1ca2a,ChoA (AOA)
IWZ966CE,Miryo
41abdb66-9abc-11e5-a5a5-001eecc1ca2a,Legend
IWZ9Z69D,Wonder Girls
IWZ976A0,Bread
IWZ9769F,Jimmy Ruffin
IWZ9ZBI9,Sarah McLachlan
IWZ96OCO,Plain White T's
IWZ9ZZ0O,James Blunt
IWZ9ZZ0U,James Morrison
IWZ9Z6E7,Duffy
IWZ9ZW7I,Daniel Merriweather
IWZ9ZW6W,Amy Winehouse
IWZ96ABU,Blue October
IWZ9ZCIZ,Nada Surf
IWZ9ZZIZ,Carly Simon
IWZ9Z87I,Van Morrison
IWZ967U9,Nina Simone
IWZ9ZAF8,Thalia
IWZ9ZZAC,John Mayer
8749c7ec-9abc-11e5-8e68-001eecc1ca2a,DJ King Lady
IWZ98C9E,Dương Trần Nghĩa
IWZ96U08,Phan Thiên Ngân
IWZ96EAA,Khắc Minh
IWZ9AZFC,Tiến Việt
IWZ9CE6D,OPlus
IWZ9ZB88,Lâm Vũ
IWZ9Z976,NSƯT Quỳnh Liên
IWZ9ZDFC,Nhất Sinh
IWZAOA6Z,Lê Tiến Ngọc
IWZ9FC86,Nhóm X.O.N
IWZ96IU0,Y Jang Tuyn
IWZ9Z967,Nam Khánh
IWZAOW98,Khánh Hồng
IWZ98UB8,Kim Phượng
daf9619e-9abc-11e5-8e3e-001eecc1ca2a,Duy Khôi
IWZAI9DZ,Minh Uyên
IWZ9ZD97,Vân Khánh
e1fc1a06-9abc-11e5-bd50-001eecc1ca2a,CLB Ngôi Sao Trẻ
IWZ9ZUC9,Hải Yến
IWZ9C0DO,Trịnh Phương Nam
IWZAZ9OB,Minh Quân
IWZ9Z98O,Huỳnh Lợi
IWZ96DEZ,Tuấn Khanh
IWZ9Z8OB,Anh Bằng
e804fe5c-9abc-11e5-8a9a-001eecc1ca2a,Hoài Phúc
IWZ9ZFAU,Diệu Hiền
IWZ96F6F,Võ Hạ Trâm
e99effda-9abc-11e5-9eab-001eecc1ca2a,Nhóm Áo Lính
IWZ9Z8D0,Anh Thúy
IWZ968A8,Trang Nhung
IWZ96ZEI,Thái Thùy Linh
IWZ97WU8,Thanh Vinh
IWZ97IDE,Trang Anh Thơ
IWZ97DAZ,BoM
IWZ9ZD9E,Tạ Minh Tâm
IWZ96FW7,FM
IWZ96ACB,Artista Band
IWZ97DAZ,BoM
IWZ9ZB86,Hoàng Hải Đăng
IWZ9ZBII,Dương Quốc Hưng
IWZ966WW,Lâm Minh Huy
IWZ98UCI,Kim Thư
IWZ980F6,Nhóm Trường Sa
IWZ96UUE,Steps
177e9cca-9abd-11e5-ac7e-001eecc1ca2a,Spencer Lee
IWZAOWIC,Mr. Probz
IWZ96WD8,Lucky Twice
IWZ9ZFOF,Triệu Lộc
IWZ9ZFBI,Phù Sa
IWZ96O6U,Anh Tài
IWZ96ZEF,Thanh Xuân
2d24a566-9abd-11e5-9df8-001eecc1ca2a,Yến Trang - Yến Nhi
IWZ9ZDOE,Lương Chí Cường
IWZ97CF9,Việt Quang
IWZ970C9,Leo Hee
IWZ97F7C,Tâm Minhon
IWZ9ZIBI,Ánh Tuyết
IWZ9Z9UE,Cao Minh
IWZ97Z8I,Tô Thanh Phương
IWZ9ZIA9,3 Con Mèo
IWZ976Z7,Đông Thiên Đức
IWZ9ZDA6,Phạm Nhật Huy
IWZ97IE0,Khucmay
IWZ9ZIZU,Lâm Hùng
IWZ9ZBZA,Hải Nguyên
IWZ98WI7,Tùy Phong
IWZA0O8B,Âu Bảo Ngân
IWZ987UI,Nguyễn Trần Trung Quân
IWZ9ZF86,Huy Luân
IWZ96F9W,Hùng Thanh
5b7ec98c-9abd-11e5-898a-001eecc1ca2a,Jace Everett
5c262876-9abd-11e5-b109-001eecc1ca2a,Keni Thomas
IWZ976I8,Craig Campbell
5d2e74f4-9abd-11e5-a9c1-001eecc1ca2a,Holly Dunn
IWZ9ZBCE,Sheryl Crow
IWZAZDIC,Bee Duy Lâm
IWZ9Z7C7,Bích Tuyền
IWZ9ZOB6,Mỹ Huyền
IWZ9Z76U,Hồng Hạnh
IWZ97EZD,Doãn Minh
IWZ97EZD,Doãn Minh
IWZ9ZIF6,Phi Nhung
IWZ9ZE7B,Nguyễn Tâm
IWZAIOUI,Tuấn Cường
IWZ96EF0,Thanh Vũ
IWZ98BWU,Lưu Hưng
IWZ9Z87O,Đinh Ứng Phi Trường
IWZ9E9AW,Trung Tự
IWZAZD06,Thuý An
7d4cd85c-9abd-11e5-a658-001eecc1ca2a,Hoàng Oanh Oanh
7db6866e-9abd-11e5-b98a-001eecc1ca2a,Lm.JB.Nguyễn Sang
IWZ9CEW8,Tuấn Khương
IWZ96Z96,Yanni
IWZ9AF7D,Phương Hiền
IWZ9697D,Nguyễn Hương Ly
IWZ96UIZ,Cao Trung
IWZAZUD6,Phạm Phước Tài
IWZAUU7D,Hồ Việt Lâm
IWZAZW6B,Tuấn Phong
IWZ9ZW7E,Lệ Thủy
IWZ9ZDAO,Minh Vương
IWZ96DDA,Châu Thanh
IWZ960UB,Phượng Liên
IWZ9AFIZ,Thế Vũ
IWZ98Z8F,Sky Nguyễn
IWZ9DBB6,Ngô Huy Đồng
IWZ98EDZ,Hoàng Trang
IWZ96F87,Bé Bảo An
IWZ9Z0A8,Paramore
IWZ9Z70B,Elvis Crespo
IWZ9BBDB,Maluma
IWZ96IEI,Daryl Hall
IWZ9ZF0C,Vangelis
IWZ9BF69,Herbert Gronemeyer
b8a71cf6-9abd-11e5-80a8-001eecc1ca2a,Amadou Bagayoko
bb855850-9abd-11e5-b3a3-001eecc1ca2a,David Correy
IWZAOEI6,Phạm Hồng Biển
IWZ9ZBWU,Duy Khoa
IWZ9CE6D,OPlus
IWZ978E7,Quốc Cường
c557171c-9abd-11e5-8f0c-001eecc1ca2a,N.P. Thùy Trang
IWZ98DOC,Nicky Romero
IWZ988A7,Laidback Luke
IWZAZ8C6,DVBBS
IWZAO6WW,Vicetone
d00bcdd2-9abd-11e5-aae3-001eecc1ca2a,Daniel Gidlund
d1478466-9abd-11e5-9aa1-001eecc1ca2a,MC Ambush
IWZ97DAE,10cm
IWZ9ZOW6,Hong Jin Young
IWZ9BF8E,Loco
d998a802-9abd-11e5-8484-001eecc1ca2a,Mad Clown
IWZAUUW8,Jin Sil (Mad Soul Child)
IWZ97F0D,Lý Mân
IWZ9Z0AF,Dương Thừa Lâm
IWZ96OIF,Kha Hữu Luân
IWZ9ZOUZ,Vương Nhược Lâm
IWZ9998F,Trương Huyền
IWZ9868F,Bành Giai Tuệ
IWZ9Z0BC,Vương Lực Hoành
IWZ9Z0B7,Thái Y Lâm
IWZ9A6U7,Thái Mân Hữu
IWZ96OIB,Ngôn Thừa Húc
IWZ9ZIOI,Mạc Văn Úy
IWZ9ZIFA,Trương Lương Dĩnh
IWZ98EWU,Kimberley
IWZ97EU7,Lâm Dục Quần
IWZ9Z6AO,Sg wannabe
IWZ9Z89U,Kim Jong Wook
IWZ9ZZAF,FT Island
IWZ97AB6,Jung Chul
IWZ9ZWIE,Bada
IWZ9600I,Jang Geun Seuk
fc85d5fe-9abd-11e5-bb5f-001eecc1ca2a,V.O.S
IWZ9ZAWI,Park Bom
IWZ9Z9O9,Lee Juck
IWZ980BB,7 Princess
IWZ9ZA70,Narsha
IWZ9Z89W,Kim Jong Kook
IWZ9ZWIU,Brown Eye Soul
IWZ96WOA,Park Hye Kyung
IWZ9Z09E,Rain
IWZ9Z87U,SeeYa
IWZ9ZD86,Yurisangja
IWZ98UCU,An Dy
IWZ9ZEDF,Ngô Duy Khiêm
IWZ9ZBUO,Băng Di
IWZ98CC6,Nguyễn Bá Phú Quý
1632e6e4-9abe-11e5-a409-001eecc1ca2a,Giang Đẫm
IWZAZDD9,Huyền Anh (Bà Tưng)
IWZAZBOC,Juun Đăng Dũng
IWZAU880,Trần Mỹ Ngọc
IWZ9ZDEB,Peter Cetera
IWZ99I60,Karyn White
IWZ9ZADF,Sade
IWZ9ZCOC,Simply Red
IWZ998UW,Debbie Gibson
IWZ97WB6,Lauren Wood
IWZ9ZZUB,Chaka Khan
IWZ97BE9,Atlantic Starr
IWZ969Z0,Chicago
IWZ99IZE,Tommy Page
IWZ9ZZFF,Cyndi Lauper
IWZAU889,Hồ Nam
IWZAU89Z,Thái Quang
IWZA0Z0A,Isaac Thái
IWZ9DDF9,1DEE
IWZ98OZ6,Mina
IWZ9ZB8C,Miko Lan Trinh
IWZ9ZZAO,Phương Vy
IWZ9867O,Bona
IWZ9BOW6,Hà Thúy Anh
IWZ98O6D,Khánh Won
IWZ98CB9,Đông Hùng
IWZ997CF,Nguyễn Khánh Phương Linh
IWZAIDFA,Khánh Bình
IWZ96C86,Bích Phương
IWZ97AW0,Vỹ Thái
IWZ96EBE,Duy Trường
IWZ9DO8B,Khánh Lâm
IWZ9D89Z,Thái Thanh Hiệp
IWZ989ID,Đình Bảo
IWZ9ZW86,Tâm Đoan
IWZ97AA7,Nguyên Lê
IWZ96U6Z,Huỳnh Gia Tuấn
IWZ96DD6,Mai Quốc Huy
IWZ9ZU0Z,Trần Thái Hòa
IWZ9Z09C,Khánh Hà
IWZ9D9CD,K.Na
acb84752-9abe-11e5-83bd-001eecc1ca2a,Rick
IWZAUDW6,Kendy
IWZ9C8I9,Mr.Shyn
IWZAUEFD,Nuk
IWZAUEFE,NK
aed48d9a-9abe-11e5-8720-001eecc1ca2a,RiC
IWZ9BBEW,Only T
IWZ978F7,Emcee L
b04a315c-9abe-11e5-a7d3-001eecc1ca2a,Mel.G
IWZ98678,G.Plus
b11f194a-9abe-11e5-adf0-001eecc1ca2a,Linh Su
b291ef50-9abe-11e5-b646-001eecc1ca2a,Lil' TVK
b29c0a26-9abe-11e5-9148-001eecc1ca2a,Denz
b34fe09c-9abe-11e5-b490-001eecc1ca2a,SillySK
IWZ9DIUO,Dotop
b3bf1748-9abe-11e5-9fbe-001eecc1ca2a,Kindy A
b420d07a-9abe-11e5-9f2c-001eecc1ca2a,Tracy Thảo My
IWZ9DAUZ,Lion Boy
IWZ98ODO,Ricky Star
IWZA0CIU,Eszi
IWZ97608,Zenky
b716b2d4-9abe-11e5-b54e-001eecc1ca2a,Black Murder
IWZ96FC8,Young H
IWZ98E9I,SilverX
b8ea4330-9abe-11e5-a9f7-001eecc1ca2a,Libra & Big Boo
IWZ97OA8,Phú Hunter
ba356f38-9abe-11e5-8fce-001eecc1ca2a,Xi Rô
IWZAZ608,TAO
bb4aa0ec-9abe-11e5-8b11-001eecc1ca2a,Sol Bass
IWZ96FZF,Cá Chép
bc21b21a-9abe-11e5-b9c0-001eecc1ca2a,ParSG
IWZAZ8CI,Cỏ Dại
bd34b0ec-9abe-11e5-a6fd-001eecc1ca2a,S.O.S
be9675f4-9abe-11e5-be86-001eecc1ca2a,2K
IWZAZW0Z,Yoon
bf11172e-9abe-11e5-a6f8-001eecc1ca2a,QN
IWZ9BU69,LT
IWZAZ7AB,Nguyễn Diệu Mi
c142a5ac-9abe-11e5-9e2e-001eecc1ca2a,SoutFlo
IWZAZ6OD,Đa Sắc
IWZAZ608,TAO
c27ff492-9abe-11e5-9e55-001eecc1ca2a,S.O
IWZAZAI6,Daddy Lee
c2b61cc6-9abe-11e5-9f6d-001eecc1ca2a,StillaD
IWZ9988U,VomPC
IWZ9FC89,Linh RV
IWZAZI8U,BigTee
c4019634-9abe-11e5-a28e-001eecc1ca2a,Mr Gyn
IWZA608E,Cam
IWZAUI8E,Fantom
IWZ9E09F,SpaceSpeakers
IWZAOAZZ,B Ray
c7209694-9abe-11e5-b9a7-001eecc1ca2a,A.T.L.
IWZ986WU,DN
IWZA608E,Cam
IWZ979E6,Hata
c90ecc24-9abe-11e5-9c44-001eecc1ca2a,Trần Trọng Hiếu
IWZAZEUU,Magazine
IWZ9CD8U,KraziNoyze
IWZAUEWO,T-Rabbit
IWZ96E7D,Trọng Nguyễn
IWZ9B9WZ,JM
IWZAZ608,TAO
d2978b48-9abe-11e5-a46b-001eecc1ca2a,Sung Hoon (Brown Eyed Soul)
d3168906-9abe-11e5-9908-001eecc1ca2a,Jung Ah (After School)
IWZ9B7UU,Han Dong Geun
d3cfb9fe-9abe-11e5-959b-001eecc1ca2a,OH MY GIRL
d45c0c1e-9abe-11e5-8065-001eecc1ca2a,BASTARZ
IWZ96F8Z,Jang Woo Young
d99004b6-9abe-11e5-9ec7-001eecc1ca2a,M&D
IWZ9ABBI,Niel
IWZAUEBE,CLC
dd7fa8e4-9abe-11e5-ab95-001eecc1ca2a,Hyunseung (BEAST)
IWZ9B9DC,Shin Bora
IWZ978I0,Vasco
IWZ9ZWCZ,Jinusean
e232664c-9abe-11e5-978b-001eecc1ca2a,Jang Hanna
e3c7fc86-9abe-11e5-80b2-001eecc1ca2a,Hyosung (Secret)
e4c690f6-9abe-11e5-a0e5-001eecc1ca2a,Jessi
e587b4be-9abe-11e5-b216-001eecc1ca2a,Kim Sung Kyu (Infinite)
IWZ9EWOA,BESTie
IWZ9ZWDI,KARA
f1eb5282-9abe-11e5-a8df-001eecc1ca2a,HIGHBROW
IWZ96WBE,Shin Seung Hoon
f3c3766e-9abe-11e5-8bde-001eecc1ca2a,AOA Black
IWZ9DBDC,The Minions
IWZ988ID,Raina
IWZ969F8,Huh Gak
IWZ99F67,Jang Yoon Jung
fbba8c62-9abe-11e5-b924-001eecc1ca2a,1PUNCH
IWZ9ZWC9,Joo
IWZ9AIU8,Yoo Seung Eun
IWZAZF0C,Wax
IWZAZF0C,Wax
IWZ97U7A,Siwon
081cf108-9abf-11e5-886f-001eecc1ca2a,M.A.P6
092c6a78-9abf-11e5-85fd-001eecc1ca2a,myB
09c270a6-9abf-11e5-808f-001eecc1ca2a,Madtown
IWZ99A8A,TAHITI
0ae8bccc-9abf-11e5-997a-001eecc1ca2a,Monsta X
IWZ9ZA8F,Navi
0da8c912-9abf-11e5-9883-001eecc1ca2a,Oh Hyuk
IWZ9600U,Lee Hong Ki
IWZ986ZA,Gil
IWZ9Z97B,MC Mong
IWZ99IZA,Hollywood Undead
IWZ97ZDZ,Eric Saade
IWZ99OU0,Florrie
17816d80-9abf-11e5-ba3b-001eecc1ca2a,Nikky Jean
IWZ96IAZ,Brandon Flowers
IWZ96OZO,Marina And The Diamonds
IWZ99CAA,Tom DeLonge
IWZ96FC6,Greyson Chance
IWZ96WCU,LeToya
1e9e0c48-9abf-11e5-9ec4-001eecc1ca2a,Sonna Rele
IWZ9Z7IZ,Kid Rock
IWZ9CD9W,Anthem Lights
IWZ9EW0O,Against The Current
IWZ97D9W,Dappy
2520e564-9abf-11e5-8b6e-001eecc1ca2a,Emile Haynie
IWZ9B879,Selah Sue
28a8e088-9abf-11e5-9eec-001eecc1ca2a,Jennifer Hudson
2a111a46-9abf-11e5-b640-001eecc1ca2a,Kristen Bell
IWZ9ZBE9,Mika
2ee97c76-9abf-11e5-bc6e-001eecc1ca2a,Krista Siegfrids
305e7d98-9abf-11e5-832d-001eecc1ca2a,Charles Hamilton
IWZ96OC0,Paris Hilton
IWZ98COC,Giorgio Moroder
IWZ986D9,Arty
IWZ96A88,Wale
IWZA07EZ,DeJ Loaf
IWZA00WD,Lil' Wayne
IWZ96O9E,Neon Trees
IWZ9ZOW8,Kat Deluna
IWZ96ICC,The Chemical Brothers
IWZ9COIO,Machine Gun Kelly
3b47051c-9abf-11e5-9dca-001eecc1ca2a,Victoria Monet
3ce3899c-9abf-11e5-9e31-001eecc1ca2a,Mumford & Sons
IWZ96DAF,Mohombi
44a396cc-9abf-11e5-a9a8-001eecc1ca2a,Wisin
IWZ9ZBWO,Savannah Outen
IWZ96W6U,Gloriana
IWZAOZDC,Matt McAndrew
IWZ96WC9,Little Boots
IWZAIEFF,Gregory Porter
IWZ9FUEI,Jacquie Lee
IWZ96DCI,Jessica Sutta
IWZ97A9O,Rico Love
IWZ987I9,Gabrielle Aplin
4bbf456e-9abf-11e5-9032-001eecc1ca2a,Foy Vance
IWZAZUIO,Bea Miller
IWZ96OCC,Ray J
IWZA00WD,Lil' Wayne
4db3cc98-9abf-11e5-ae5c-001eecc1ca2a,Evan Ross
IWZ9Z9FF,Lifehouse
IWZ9ZEAE,Wynter Gordon
55670c82-9abf-11e5-b355-001eecc1ca2a,Conchita Wurst
IWZ9ZZZD,Katharine McPhee
IWZ9CUZB,Tamar Braxton
IWZ9EDWI,Ella Eyre
IWZA00WD,Lil' Wayne
IWZ98D7D,Lawson
IWZAZ6WI,Jamie xx
IWZ9DIEZ,Popcaan
IWZA00WD,Lil' Wayne
IWZ9ZEC9,Puff Daddy
IWZ9ZI86,Namie Amuro
IWZ9A80U,Melanie Martinez
IWZ97BDI,Jane Zhang
IWZ9ZC0B,Muse
IWZ9Z6EA,Duran Duran
6c24992e-9abf-11e5-bca3-001eecc1ca2a,Nile Rodgers
IWZ98ADF,Of Monsters And Men
IWZ9DFE0,The Mowgli’s
IWZA00WD,Lil' Wayne
IWZ969UI,Hanson
7ffe93ca-9abf-11e5-a332-001eecc1ca2a,Daye Jack
IWZ9A7OE,Austin Mahone
IWZAOADI,Khánh Duy Khương
IWZA0AZ7,Hoàng Thiên Thanh
IWZ9889A,Châu Ngọc Hiếu
IWZ98IE7,Á Đông
IWZAUFCW,Thanh Hoa
IWZAWF9U,Dương Thanh Sang
IWZ97EZ8,Vũ Duy
IWZAUEZ0,Trí Đức
IWZAWWOC,Quỳnh Như
IWZAUE9Z,Đinh Hùng
IWZAZI8O,Lê Khoa
IWZ9EWF0,Cao Trung Hiếu
IWZAUF6W,Cao Mạnh Thắng
IWZAIFBA,Nhật Thành
IWZAWEB0,Trí Moony
IWZ9BAWO,Thiện Ngôn
IWZ98WZD,Andy Hoàng
IWZ9DCOZ,Long Tứ
IWZ9CUB0,Trường Sinh
IWZAZIOD,Red Boys Band
IWZ988OU,Anh Thư Nguyễn
IWZAU7O0,Mi Jun
IWZ970OE,Yuki Huy Nam
IWZ9Z9ZW,Châu Gia Kiệt
IWZAUDW8,Phương Thu
IWZ9ZCC9,Trịnh Tuấn Vỹ
IWZAZWUZ,Khôi Vỹ
IWZ9ZCIB,Sơn Ca
IWZ9BFB6,Mandy Thanh Trúc
IWZAZOB9,Âu Nam Thái
IWZAW900,Đinh Huy
IWZAU8CU,M.A.Y Band
IWZAWUFZ,Lưu Chấn Long
IWZA0B9Z,Khánh Tân
IWZ979OF,Tiểu Doanh
IWZ96EAB,Hà My
IWZ989FA,Đỗ Phú Quí
IWZ96DO8,Nam Hùng
IWZ9ZDIA,Huỳnh Minh Thủy (Thủy Top)
IWZ9CCZ8,Fawng Daw
IWZ97WED,Song Luân
IWZAW0UF,Triệu Gia Nghĩa
IWZ97808,Quang Kiều
IWZAZUD8,Ly Ly Trần
IWZAZOI6,Trịnh Thế Phong
IWZAU8U6,Hồ Minh Quân
IWZ97EFW,Đinh Hoàng Quốc
IWZ9CUI0,Khánh Huy
IWZ9A8DB,Lạc Thiên
IWZ97W8Z,Quốc Duy
IWZAUEUF,Danh Hiếu
IWZAO0WI,Phạm Thiên Huy
IWZAOZFW,Duy Khánh Zhou Zhou
IWZ99ZOE,Akin Vũ
IWZ9FZ67,Đông Nghi (9X)
IWZAZZBD,Kim Thiên Hương
IWZ9AI8Z,Phạm Thế Anh
IWZ9A0O7,Mun Phạm
IWZAZ7WB,Thành Nhân Coco
IWZAZ6O6,Trương Thái Thành
IWZAZ7UO,Vỹ Thành
IWZAZ76B,Trương Ny
b4d34d50-9abf-11e5-b4a2-001eecc1ca2a,Nguyễn Ngọc Linh Trang
IWZAZ78E,Phương Chi Bảo
IWZA0U78,Y Jalin
IWZAOEW8,Hồ Ái Minh
IWZAZ78D,Lương Chấn Nam
IWZ9ZE7Z,Trung Quân
IWZ9ZDUC,Lưu Gia Bảo
IWZ98DCI,Bảo Vy
IWZAI9E9,Khắc Trung
IWZ978F9,Kenny Huỳnh
IWZAWUEO,Jang Phan
IWZAOUUA,Khánh Trần
IWZAUO99,Đoàn Gia Tuấn
IWZAZ9IA,Pham Pham
IWZ9D89O,Đan Đan
IWZAOF76,Cao Thanh Phúc
IWZAZBOO,Bảo Huy
IWZAZB6A,Hải Rio
IWZAZ8D0,Tô Tường Vy
IWZ98IEU,Zim P
c2742080-9abf-11e5-9a47-001eecc1ca2a,TWENTY
IWZ9C60U,Nguyên Khánh
IWZ97IDA,Lâm Chấn Kiệt
IWZAUFEU,Nguyễn Phú Quý
IWZAIFUW,Hàn Minh
c612acb0-9abf-11e5-866b-001eecc1ca2a,Myku Ho
IWZ9EFOI,Huy Ma
IWZ9ZEE8,Dương Ngọc Đàm
IWZAZO6F,LIME
IWZ97W8F,Trương Bảo Khang
IWZAI8CI,Hồng Quang
IWZAUA0E,Dương Tuấn Phong
IWZAZI8D,Hạnh Kenny
IWZ9C688,Chấn Hào
IWZA6IUW,Đỗ Tuấn Vũ
IWZ9FFE0,Kai Đinh
IWZ980I7,Việt Vũ
IWZA609B,Ray Võ
IWZ9FBUD,Hoàng Kỳ Nam
IWZ97WWA,Phan Ngọc Luân
d98c46e2-9abf-11e5-86ac-001eecc1ca2a,Hồng Duyên
IWZAZ9OA,Bích Ngọc
da844e4c-9abf-11e5-aa06-001eecc1ca2a,La Hoàng Phúc (Mr.La)
IWZA6IUE,Thái Bảo Trâm
dbf54458-9abf-11e5-b802-001eecc1ca2a,Vũ Vân Anh
IWZA6W0Z,Hy Nam
IWZA6OZO,Phạm Hồng Thúy Vân
IWZ98FOC,Trần Ánh Huy
e04a4e94-9abf-11e5-b406-001eecc1ca2a,Đỗ Thiên Bình
IWZA6WED,Tina Phượng
IWZ9ZC77,Phương Trinh Jolie
IWZA6OCA,Huyền Hương
e62b205c-9abf-11e5-bbd2-001eecc1ca2a,NAhy
IWZ96C88,Phương Anh Idol
IWZ96IA8,Blue Duy Linh
IWZAWIW6,Ngọc Khanh
IWZAU9AA,Huỳnh Phan Trọng Quỳnh
IWZ99UZF,Nipe
IWZ98UUO,Đỗ Thụy Khanh
IWZ968Z8,Tiêu Châu Như Quỳnh
IWZ968ZD,Hồ Vĩnh Khoa
IWZ96Z0B,Quân Rapsoul
003dc368-9ac0-11e5-996d-001eecc1ca2a,Helen
IWZ9Z7UW,Quách Thành Danh
IWZAZOEA,Thảo Hồ
IWZ9EUCW,Bee.T
IWZ9ZFEI,Quang Mẫn
IWZ9Z970,Nguyên Vũ
IWZ9ZIZO,Lâm Chấn Huy
IWZ96Z0U,Lâm Chấn Hải
IWZAZDWO,Tino
IWZ99ICO,Minh Dung
IWZ9ZF9D,Nhật Thy
IWZ9ZC0W,Nathan Lee
IWZAZE7O,Ngọc Việt Idol
IWZ9Z8ZB,Nguyễn Ngọc Anh
IWZ97ZOU,Andy Quách
IWZ99B0Z,Lê Xuân Nghi
IWZ9ZD70,Pha Lê
IWZ9ZB7D,Khang Việt
