Id,Name
IWZ9A807,Avery Wilson
IWZ9EUC6,Migos
IWZ9Z09D,Cao Thái Sơn
IWZ97Z8D,Saka Trương Tuyền
IWZAIIUC,Lê Trọng Hiếu
IWZ98IZ8,Giáng Tiên
IWZ9ZO7U,Lương Gia Huy
IWZ9ZI7W,Lương Bích Hữu
IWZ990I9,Tam Hổ
IWZ98O7W,Phan Mạnh Quỳnh
IWZ968UO,Hồ Quang Hiếu
IWZ9CD8B,Lương Khánh Vy
IWZ96C8U,Văn Mai Hương
IWZ97DB0,Sơn Tùng M-TP
IWZ96C86,Bích Phương
IWZ9ZECF,Phạm Trưởng
IWZ9ZCE7,Wanbi Tuấn Anh
IWZ9FE6A,Vương Anh Tú
IWZ9ZW66,Hiền Thục
IWZ9CO86,Anh Quân Idol
IWZ99A86,Trúc Nhân
IWZ9EDAE,Trương Thảo Nhi
IWZ99B00,Bảo Anh
IWZ97D7C,Hoài Lâm
IWZ9ZOE6,Hương Thủy
IWZ9ZOBC,Quang Lê
IWZ9DUBF,Phương Diễm Hạnh
IWZ9ZWA7,Như Quỳnh
IWZ9ZIEE,Trường Vũ
IWZ9D9BE,Lý Duy Vũ
IWZ9Z0F0,Cẩm Ly
IWZ9ZOUE,Hoài Linh
IWZ9ZUII,Mạnh Đình
IWZ9ZWUO,Mạnh Quỳnh
IWZ9ZIBU,Bảo Yến
IWZ9ZO6F,Hương Lan
IWZ97CD7,Vi Thảo
IWZ9Z977,Đông Đào
IWZ9ZWAW,Nguyễn Hưng
IWZ9ZOEI,Hà Phương
IWZ9ZOZA,Dương Ngọc Thái
IWZ9ZUDU,Ngọc Tuyền
IWZ9Z8OO,Hạ Vy
IWZ9Z0EU,Lệ Quyên
IWZ9ZB6O,Mai Thiên Vân
IWZ9ZWBO,Ý Lan
IWZAZBZW,Hoàng Oanh
IWZ9B78U,Degauss
IWZ968WF,Crazy Frog
2f0166f6-9c36-11e5-a8e8-001eecc1ca2a,O-Zone
IWZ9Z9DO,Las Ketchup
IWZ9Z6DZ,Kylie Minogue
IWZ9B76A,Mabel
IWZ96UBE,Vengaboys
IWZ9DOOC,Fat Boy Slim
IWZ9Z6FA,Eiffel 65
IWZ96AAZ,Toy-Box
IWZ9ZZD8,Aqua
IWZ99WF8,Dream House
IWZ9ZC7C,Spice Girls
IWZ9ZO8A,Backstreet Boys
IWZ96EOO,Los del Río
IWZ96UB7,2 Unlimited
IWZ99WFU,Kaoma
IWZ9ZA68,Michael Jackson
IWZ9ZUAC,Boney M
IWZ9Z8A6,Various Artists
IWZ98BIC,Phạm Bảo Nam
IWZ98WBU,LEG
IWZ9ZOCD,Lady Gaga
IWZ96ODZ,Ricky J
IWZ9ZOC7,Enrique Iglesias
IWZ9ZEIF,Pitbull
IWZ96IC8,Cascada
IWZ9ZAW9,Orange Caramel
IWZ9ZZ98,Ciara
IWZ99WFO,Ann Winsborn
IWZ9ZW8F,F(x)
IWZ98Z88,B.A.P
IWZ9Z70O,SeungRi
IWZ989ZB,BTOB
IWZ96UE0,Girl's Day
IWZ9ZWII,BIGBANG
IWZ99AED,AOA
IWZ986AA,Exid
IWZ96E0D,Dok2
IWZ9ZWIA,2NE1
IWZ9ZOIB,G-Dragon
IWZ9DB6E,BTS (Bangtan Boys)
7e85e9ee-9c36-11e5-98d7-001eecc1ca2a,Amber (F(x))
IWZ96WU7,Taeyeon
IWZAWB0B,Red Velvet
IWZ9ZZC6,SNSD
IWZ9ZZAU,SHINee
IWZ9ZWOZ,Brown Eyed Girls
IWZ9ZA78,Hyuna
IWZ9Z6FO,T-ARA
IWZ9ZUFW,Tae Yang
IWZ98OO7,Trouble Maker
IWZ98Z89,EXO
IWZ98796,The Weeknd
IWZ9ZEWA,The Script
IWZ9ZEA7,Will.i.am
IWZ96IFA,Ellie Goulding
IWZ9A7UE,Imagine Dragons
a520357a-9c36-11e5-a591-001eecc1ca2a,Clean Bandit
IWZA0E8C,Jess Glynne
IWZAI976,MAGIC!
IWZAUDZD,Fetty Wap
IWZ9ZZDO,Coldplay
IWZ96W98,Jason Derulo
IWZ9D67E,Sam Smith
IWZ9ZOIC,Avril Lavigne
IWZ9ZZU7,Chad Kroeger
IWZ9ZOI8,Justin Timberlake
IWZ98I89,Naughty Boy
IWZ9E98Z,A Great Big World
IWZ9ZOCB,Christina Aguilera
IWZ96ZZ7,Bruno Mars
IWZ9Z898,John Legend
IWZ9Z0D8,Adam Levine
IWZ97D8A,Ed Sheeran
IWZ9EFBB,DJ Snake
IWZ99W0C,AlunaGeorge
IWZ9F67Z,Martin Garrix
c2f26bec-9c36-11e5-b1e7-001eecc1ca2a,MOTi
IWZ9ZZ0B,Calvin Harris
IWZ9ZOZ6,Flo Rida
IWZ9EDOW,Sage The Gemini
IWZAO6O6,Lookas
IWZ9ZOD8,Lil Jon
IWZAZIUU,Lost Frequencies
c6c30662-9c36-11e5-8e30-001eecc1ca2a,Janieck Devy
IWZ99OAA,Hardwell
IWZ97DFI,Chris Jones
IWZAUFDE,Robin Schulz
c8779bf6-9c36-11e5-adb2-001eecc1ca2a,Francesco Yates
IWZ96A67,Avicii
IWZ9ZO97,Demi Lovato
IWZ9ZO9Z,Selena Gomez
IWZAZUI0,Rachel Platten
IWZ97A9F,Sia
IWZAUZOO,Kygo
d5a46658-9c36-11e5-8711-001eecc1ca2a,Will Heard
d60aa83e-9c36-11e5-9a79-001eecc1ca2a,Conrad
d8166dba-9c36-11e5-b261-001eecc1ca2a,Parson James
IWZAWOBZ,Ella Henderson
IWZ98ABB,Ariana Grande
IWZ99A9C,Iggy Azalea
IWZ9FI60,Ty Dolla $ign
IWZ9Z7EZ,Jagged Edge
IWZ96I89,Babyface
IWZ96UBI,Trey Songz
eb609a0a-9c36-11e5-a5cd-001eecc1ca2a,Sevyn Streeter
ec1696c8-9c36-11e5-a43a-001eecc1ca2a,Big TC
ec2ad2be-9c36-11e5-9b3e-001eecc1ca2a,D-Loc
IWZ9ZOO6,Kanye West
IWZ96EWW,Diddy
IWZ96DEI,Wiz Khalifa
IWZ98Z9A,Future
IWZAIOED,Rae Sremmurd
IWZ9FI60,Ty Dolla $ign
IWZ966UA,R. Kelly
IWZ97EII,Sara
fcceb212-9c36-11e5-af67-001eecc1ca2a,PJ
IWZ98UAF,MiA
IWZ978ZO,Jadakiss
IWZ9ZEC9,Puff Daddy
IWZ9Z0DB,Akon
IWZ9ZCEE,Swizz Beatz
IWZA00WD,Lil' Wayne
IWZ96CEA,Styles P
IWZ9ZCUZ,Ne-Yo
IWZ9EAC9,Nipsey Hussle
IWZ9D0D7,Jeezy
22be9a0a-9c37-11e5-8d8d-001eecc1ca2a,Exodus
IWZ9ZCWE,Nas
263aa4fa-9c37-11e5-9c1c-001eecc1ca2a,Chayse
IWZ960WO,Rick Ross
IWZ96ICA,Cee Lo Green
IWZ9A0CO,DJ Premier
IWZ9Z9ZC,Mariah Carey
IWZ9ZA0O,Mary J. Blige
IWZ9ZO9I,Chris Brown
IWZ96A9W,The Dream
IWZ96DA8,Jessica Lowndes
33c12f52-9c37-11e5-9e4d-001eecc1ca2a,Nico & Vinz
35052c02-9c37-11e5-94ac-001eecc1ca2a,Nathan Sykes
360995f6-9c37-11e5-896b-001eecc1ca2a,Fleur East
IWZ9AA8W,Erik Hassle
IWZAW68W,Shawn Mendes
IWZ9ZZ8U,Christina Milian
IWZA00WD,Lil' Wayne
IWZ9ZAAC,Nick Carter
IWZ98DIU,Alyssa Reid
IWZ9980C,Foxes
IWZAWD00,Troye Sivan
IWZ96ZW0,Bruce Springsteen
IWZA68UF,Bích Chi
IWZ9D87I,Betty Who
IWZ9D7FF,Allday
50367464-9c37-11e5-987c-001eecc1ca2a,Alex Hope
IWZ9ZO0C,Jeremih
569b466c-9c37-11e5-95a7-001eecc1ca2a,J. Cole
IWZ96I9I,Big Sean
IWZ9C69A,Feathers
IWZ96D8B,YG
IWZ9A8AC,Juicy J
IWZ9ZE8O,Twista
IWZ99EBZ,Jhene Aiko
IWZ9DIDF,Fatman Scoop
IWZ987IB,Jonathan Mendelsohn
IWZ98UBZ,Luciana
78d93f7a-9c37-11e5-b901-001eecc1ca2a,Haris
IWZAOWIC,Mr. Probz
IWZAZIEC,Conrad Sewell
IWZ9Z6OE,Fall Out Boy
IWZAIIW7,5 Seconds Of Summer
IWZ9CE0A,Fifth Harmony
8294234a-9c37-11e5-888e-001eecc1ca2a,Alice Wonderland
82acf88a-9c37-11e5-b1ba-001eecc1ca2a,Wayne Coyne
830eddca-9c37-11e5-931f-001eecc1ca2a,Watermat
838208a8-9c37-11e5-833d-001eecc1ca2a,Klingande
838da17e-9c37-11e5-a62d-001eecc1ca2a,Broken Back
841dd23e-9c37-11e5-992e-001eecc1ca2a,Hayden James
848400ee-9c37-11e5-a33f-001eecc1ca2a,Timmy Trumpet
IWZ96A8F,Tyga
IWZ9CAB8,Tinashe
IWZ9CB97,Schoolboy Q
IWZ986B8,Carly Rae Jepsen
IWZ97ECW,One Direction
IWZ9AU9U,Daniel Johns
IWZ97OZ9,Florence + The Machine
IWZ9D8I8,Vance Joy
IWZ9ZOCZ,Justin Bieber
99ee0bf6-9c37-11e5-9a34-001eecc1ca2a,Monty
IWZ9AD0W,Walk The Moon
9c202830-9c37-11e5-b42e-001eecc1ca2a,Nhiều nghệ sĩ
IWZ96FC7,Jessie J
IWZ9ZD0Z,Nicki Minaj
IWZ9ZODC,Ludacris
IWZ970UF,Jaden Smith
IWZAZ6WB,Halsey
IWZ9Z09U,Adele
IWZ9ZO8F,Cody Simpson
IWZ98Z7W,Skrillex
IWZ99987,Diplo
IWZA0F9F,Travis Scott
IWZ96B6A,Jamie Foxx
IWZ9Z0C7,Beyoncé
IWZ9Z0AU,Rihanna
IWZ96IF0,Dixie Chicks
IWZAZE60,Alessia Cara
c60de662-9c37-11e5-99e8-001eecc1ca2a,Gavin James
IWZ9Z9DF,Maroon 5
IWZ9ZD0C,Lê Cát Trọng Lý
IWZAWWOA,Hozier
IWZ9ZBZD,Norah Jones
IWZ9ZOC8,Kelly Clarkson
IWZAUCIE,Natalie La Rose
IWZ99UIZ,Zedd
IWZ9D6EC,CL
IWZAOF7A,Seinabo Sey
IWZ9AF0B,Benjamin Francis Leftwich
IWZ96FUA,Christina Perri
IWZ9ZOCE,Jason Mraz
IWZ9ZDBZ,One Republic
IWZ9COZW,Rudimental
IWZAUC9B,Charlie Puth
IWZ9Z9DC,Mark Ronson
IWZ97ZZC,Hoàng Tôn
f8d7cb2e-9c37-11e5-b01b-001eecc1ca2a,X Ambassadors
IWZAZDBI,@iHeartMemphis
IWZ9EB7Z,Thomas Rhett
IWZ96BI7,Drake
IWZA60WO,Elle King
ff36c01c-9c37-11e5-b0b0-001eecc1ca2a,Marlon Roudette
IWZ96F6O,Karik
0203eabe-9c38-11e5-8d57-001eecc1ca2a,P.A.K
032c8f02-9c38-11e5-b523-001eecc1ca2a,Our Last Night
IWZ9868W,Cẩm Vân Phạm
IWZ9866B,TMT
IWZ96UZD,Stratovarius
IWZ98B96,Kid Ink
IWZAIIZ7,George Ezra
IWZ98DID,Rita Ora
IWZAWEUI,Cashmere Cat
IWZ99ID9,Becky G
IWZAO9DC,Dawin
IWZ9CEFC,Family Of The Year
IWZ99CEW,Park Sovin
1a0fa838-9c38-11e5-8f4a-001eecc1ca2a,Kae Sun
1aad9af6-9c38-11e5-922d-001eecc1ca2a,Twin Forks
IWZ990FF,Madcon
1e1777a4-9c38-11e5-acce-001eecc1ca2a,Ray Dalton
IWZAZOC7,Jarryd James
IWZAOZZW,Fame Chí Thành
IWZ976C7,Châu Khải Phong
IWZAZDFZ,Oh Wonder
IWZ9ZOUC,Quốc Đại
IWZ9ZOF9,Quang Linh
299f6fe6-9c38-11e5-a758-001eecc1ca2a,Powers
IWZ9CZ7B,Twenty One Pilots
IWZAZU87,Who Is Fancy
IWZ9CE0E,Timeflies
IWZ9ZCOZ,Natalie Imbruglia
IWZ99EFU,Hoàng Như Ngọc
IWZ97EBI,Tuấn Vỹ
IWZ96OBB,Owl City
IWZ9ZC77,Phương Trinh Jolie
IWZAWAUU,Như Hexi
IWZ9A76I,Phạm Hồng Phước
IWZAZCC6,Suni Hạ Linh
IWZ9ZDBU,Omarion
IWZAZBOB,Milky Chance
IWZ9BAB9,Lilly Wood And The Prick
IWZ96C8Z,Trung Quân Idol
IWZ9ZZA8,Jennifer Lopez
IWZAZI6E,Matoma
IWZAZ0BZ,Broiler
IWZAZIUZ,Omi
IWZAO87B,Eden xo
IWZ9Z7F8,Yiruma
IWZ9ZCZZ,Nelly
IWZ9A86O,Zico
4c0fb654-9c38-11e5-8eef-001eecc1ca2a,Babylon
IWZ9ZBI8,Simple Plan
IWZ9ZO96,Miley Cyrus
IWZ98UW6,Lana Del Rey
50c02b64-9c38-11e5-b2a2-001eecc1ca2a,Sirah
IWZA6IA8,Daya
IWZ96U6W,V.Music
IWZ9Z0CW,Đan Trường
IWZ9AO7W,Major Lazer
IWZ9AFZ7,Tarrus Riley
555bcf24-9c38-11e5-86a9-001eecc1ca2a,Years & Years
IWZ9Z8BW,Nam Cường
IWZ9ZB76,Khắc Việt
IWZ9ZWAO,Infinite
IWZ9EC6F,Tove Lo
IWZ99Z7O,Alesso
IWZ968DB,L7
6a445934-9c38-11e5-9974-001eecc1ca2a,Hippie Sabotage
IWZAOOWC,Lucas Nord
829c80f8-9c38-11e5-b0d7-001eecc1ca2a,Colby O'Donis
IWZ9Z089,Shontelle
IWZ9ZE07,Pink
IWZ96CCW,Afrojack
IWZ9ZOI0,Usher
IWZ9Z9ZI,Marc Anthony
IWZ9Z0C6,Britney Spears
IWZ9Z6F6,Lenka
IWZ97096,Super Stars
IWZ9EWFC,The Cascades
IWZ9Z69C,M2M
IWZ96AZW,ATC
IWZ97W0I,Emilia
IWZ96UE8,Hoàng Nghi Lâm
IWZ98Z7D,Yao Si Ting
IWZ96ZUD,Whitney Houston
IWZ9DBZA,Song Thư
IWZ9BEIA,Sơn Ngọc Minh
IWZ9EE08,Hari Won
IWZ9ZC90,Thanh Duy
IWZ9ZZ6O,Gwen Stefani
IWZ9Z0F6,Hồ Quỳnh Hương
IWZ96AFA,David Guetta
IWZ9Z09A,Utada Hikaru
IWZ9ZZAD,JoJo
IWZ9ZOZ0,Destiny's Child
IWZ96IAC,Miu Lê
IWZ9Z98E,Khổng Tú Quỳnh
IWZ9D879,Lorde
IWZ99OEF,R3hab
IWZ9CA6Z,Kat Dahlia
IWZ986AE,Touliver
IWZ9Z0EB,Cổ Cự Cơ
IWZ9ZFA7,Minh Vương M4U
IWZAODD8,Trịnh Đình Quang
IWZ9ZW68,Trần Thu Hà
IWZ9ZOA8,Taylor Swift
IWZ976UO,Tiffany Alvord
IWZ98Z9E,Chester See
IWZAOC69,Jasmine Thompson
IWZAZ7BD,Felix Jaehn
IWZ98CFU,Tori Kelly
11d46810-9c39-11e5-8cca-001eecc1ca2a,Fedez
IWZ98OB9,Little Mix
IWZAW760,Meghan Trainor
IWZ9ZO60,Ke$ha
IWZAII0O,Lý Kỳ
3783906c-9c39-11e5-9667-001eecc1ca2a,Giả Thanh
IWZ97IEU,Michael Learns To Rock
IWZ9EBZC,Zara Larsson
IWZA0WWU,MNEK
IWZ98Z6W,Fun.
IWZ96W96,Janelle Monáe
IWZ977UW,Bad Meets Evil
6e71a5de-9c39-11e5-9e31-001eecc1ca2a,Iro
IWZ9ZOWF,Ann Wilson
IWZ9ZCFA,Ông Cao Thắng
IWZ9ZD8A,Trịnh Thăng Bình
IWZ97IWZ,LK
IWZAOAIC,Tiên Tiên
IWZ9AE6A,Phương Bảo
IWZ9Z09F,Bức Tường
IWZ9ZIZ6,Lam Trường
IWZ9Z0A6,Quang Vinh
83395b62-9c39-11e5-a571-001eecc1ca2a,Thomas Jack
83919774-9c39-11e5-b4cf-001eecc1ca2a,Nicole Millar
83e2b94c-9c39-11e5-8d11-001eecc1ca2a,Missio
851a1422-9c39-11e5-9431-001eecc1ca2a,Syn Cole
IWZ989B6,Lương Gia Hùng
IWZ9ZCEW,Vũ Duy Khánh
87ddf67a-9c39-11e5-86ff-001eecc1ca2a,DJ Romeo
IWZ96FZE,JustaTee
IWZ9ZC8U,Kimmese
IWZ98DBD,A$AP Rocky
IWZ96DA7,Kaskade
8d878db6-9c39-11e5-92b6-001eecc1ca2a,Ilsey
IWZ9Z9D6,Laura Pausini
IWZ99UUZ,Audien
IWZ9Z6D8,Lady Antebellum
90a41c88-9c39-11e5-842a-001eecc1ca2a,Sleepy Tom
IWZAIWD7,The Chainsmokers
IWZAZEZD,Waterbed
IWZAZE8D,Headhunterz
92aeb1fa-9c39-11e5-a3fc-001eecc1ca2a,Crystal Lake
IWZA000D,Bebe Rexha
99303f0c-9c39-11e5-800e-001eecc1ca2a,Sonny Alven
IWZ96A6B,Axwell
IWZ990FD,Ingrosso
IWZ9EF7A,Ahrix
9cf36e36-9c39-11e5-8288-001eecc1ca2a,Yellow Claw
IWZ9Z86F,Tiesto
IWZAZ6OI,Oliver Heldens
IWZ9DOIU,Don Diablo
9e6d7064-9c39-11e5-81f4-001eecc1ca2a,Khrebto
9eb79f7a-9c39-11e5-8fa2-001eecc1ca2a,Travis Mills
IWZ96A6F,T.I.
IWZ9ZOU7,Celine Dion
IWZ9ZW98,Hàn Thái Tú
IWZ9ZIBW,Bằng Kiều
IWZ9ZOUU,Snoop Dogg
IWZ96IDA,Damien Rice
IWZA6I07,Filous
a67421fe-9c39-11e5-bfb7-001eecc1ca2a,James Hersey
IWZ9B9CZ,Noonie Bao
IWZ9Z6DF,Dr. Dre
a9ab7cde-9c39-11e5-b0a7-001eecc1ca2a,Julie Bergan
IWZAZ9FE,Chung Thương
IWZ96A99,Armin van Buuren
IWZA6OU8,Cimo Frankel
IWZ98Z00,Tiggy
IWZ9ZOIO,Toni Braxton
IWZ9ZU0A,Westlife
IWZ9ZOCF,Shayne Ward
af0fbe9a-9c39-11e5-b978-001eecc1ca2a,Shakin' Stevens
IWZ9Z9Z8,Modern Talking
IWZ9Z6EF,Eagles
IWZ9ZAWO,Lionel Richie
IWZ968O8,Joy
IWZ9ZDD6,Paul Anka
IWZ96O97,Mr. President
IWZ9A7OU,Diana King
IWZ9666Z,Zac Brown Band
IWZ98BD6,The Proclaimers
IWZ9ZUD7,Vĩnh Thuyên Kim
IWZ96OFZ,Secondhand Serenade
IWZ9ZOFF,Đặng Tử Kỳ
IWZ9Z9A7,M
IWZ9ZIWI,98 Degrees
IWZ9BCCC,Descemer Bueno
e4be0c5e-9c39-11e5-a96d-001eecc1ca2a,Gente De Zona
IWZ9Z78D,The Goo Goo Dolls
IWZ9Z890,Joey McIntyre
IWZ9Z087,Linkin Park
IWZ9ZII7,3 Doors Down
IWZ9ZCZF,Snow Patrol
fa6a9912-9c39-11e5-94af-001eecc1ca2a,Mr. Big
IWZ9ZBWA,Scorpions
IWZ9ZWAA,Quang Dũng
IWZ9ZBWB,The Verve
IWZ9ZZBZ,Hoàng Hải
03cf0f5c-9c3a-11e5-8555-001eecc1ca2a,The All-American Rejects
IWZ9ZEIZ,The Offspring
IWZ9ZEO9,Three Days Grace
IWZ96O0O,The Calling
IWZ9ZBFA,Moby
IWZ9ZU7B,Lệ Thu
IWZ9ZDZ8,No Doubt
0b40cb1c-9c3a-11e5-83af-001eecc1ca2a,B.o.B
IWZ99099,Chi Dân
IWZ97ZWF,Rainbow
IWZ98OD0,JUNIEL
IWZ96ZF9,Nguyễn Hồng Hải
IWZ96E79,Nguyễn Hải Phong
IWZA608E,Cam
IWZ96EZE,Charice
IWZ9ZCEU,Vy Oanh
IWZ9ZUBB,Boyzone
21fa51da-9c3a-11e5-8aee-001eecc1ca2a,DJ H88
2237b28a-9c3a-11e5-a983-001eecc1ca2a,DJ Sea
IWZ9CZZ7,Đình Phong
IWZ98IZW,Cao Tùng Anh
IWZ9666B,Hole
IWZ96F87,Bé Bảo An
IWZ980E7,Bé Bào Ngư
IWZ9ZD0O,Duy Uyên
IWZ98I76,Nguyệt Anh
IWZ9ZFOC,Rem
3206f13a-9c3a-11e5-8485-001eecc1ca2a,Pus Lactation
IWZ979O7,Savatage
IWZ9ZUWW,Day After Tomorrow
IWZ9ZA06,Pink Floyd
IWZ9ZIAF,Anh Thơ
IWZ96099,Rod Stewart
IWZ9ZBIW,Shania Twain
IWZ96DBI,George Benson
IWZ9ZIBI,Ánh Tuyết
IWZ960C9,Roxette
IWZ98ZCZ,DJ Blend
IWZ97EEB,Minh Beta
IWZ9Z0A7,Madonna
IWZ96U7D,The Carpenters
IWZ9ZZ8W,KOKIA
IWZ9E6C7,Khánh Phong
IWZAUFF8,DJ Long Nguyễn
IWZ988O0,Steelheart
IWZ9Z7A7,Helloween
IWZ9ZFB6,Lê Anh
IWZ9ZFB7,Thu Ba
IWZ96UAD,Trademark
IWZ9A6F0,Deacon Blue
IWZ96OZW,Marc Terenzi
IWZ9ZD96,Quốc Thiên
IWZ96OZ6,Will Smith
IWZ9ZWI8,Ưng Hoàng Phúc
IWZ96C8O,Uyên Linh
IWZ9ZCOB,Natasha Bedingfield
IWZ9ZUB9,Boyz II Men
IWZ9ZA66,Michael Bublé
IWZ9ZADI,Luther Vandross
IWZ96OB6,'N Sync
IWZ9Z87W,Thùy Chi
IWZ9ZBZ9,Giang Hồng Ngọc
IWZ9ZA66,Michael Bublé
IWZAOU0B,Trương Bích Thần
IWZ9ZOI9,Ace Of Base
IWZ9D0FB,T-Akayz
IWZAU6IE,Hoàng Anh
IWZ9ZOCA,Leona Lewis
IWZ96OEC,Savage Garden
IWZ999IZ,USA for Africa
IWZ9ZUFU,Bryan Adams
IWZ97WFZ,Attila Fias
IWZ96EID,Gregorian
IWZ98ZEU,Celtic Woman
IWZ96I8U,Bandari
IWZ9ZI77,Lưu Hương Giang
IWZ9Z7WI,Eric Clapton
IWZ96W6D,Guns N' Roses
IWZ96IE7,Declan Galbraith
IWZ9ZFO8,Red Hot Chili Peppers
IWZ969FW,Thái Trinh
IWZ98UB0,Ái Phương
IWZ9Z90U,Bằng Cường
IWZ970D6,Heart
IWZ96IEA,Diana Ross
IWZ96WE9,Jessica
IWZ97O80,Key
IWZ9ZB8U,Kim Tiểu Phương
IWZ9ZUBF,Take That
IWZ966AU,Bee Gees
IWZ9ZCDI,Sugar Ray
IWZ9ZO7I,Khả Tú
IWZ97C7E,Smile.DK
IWZ97C7E,Smile.DK
IWZ9ZUZ6,Billy Joel
IWZ96U0D,Sixpence None The Richer
IWZ9Z7FC,Janet Jackson
IWZ96I9C,Blue
IWZ9ZO6E,Aretha Franklin
IWZAICDW,Terry Winstanley
IWZ99DCB,Solid Base
IWZ99A6U,Los Del Mar
IWZ9ZWOC,Đông Nhi
IWZA68ZA,Mei
IWZ9ZI06,Thu Minh
IWZ9ZUU6,Noo Phước Thịnh
IWZ98DD0,Sĩ Thanh
IWZ9ZW6U,Hồ Ngọc Hà
14609378-9c3b-11e5-8742-001eecc1ca2a,Jodi Benson
15ae4910-9c3b-11e5-a18b-001eecc1ca2a,Johnnyswim
IWZ9ZW6E,Thủy Tiên
IWZ9Z79D,Hayley Westenra
IWZ968WA,Jay-Z
IWZ978AW,Miguel
IWZ9ZD0D,Tamia
IWZAWC8O,Minho (WINNER)
IWZ96ZU0,Darin
IWZ97OZC,Hurts
IWZ9DU6F,John Newman
IWZ9DDOI,Showtek
IWZ99Z88,Jessie Ware
IWZ98B9F,The Lumineers
IWZ9F7DU,Echosmith
IWZ96ZCZ,Nico
250cf6be-9c3b-11e5-8233-001eecc1ca2a,Vinz
IWZ9ZDBZ,One Republic
IWZ997CU,Soobin Hoàng Sơn
IWZ977E7,BigDaddy
284c0580-9c3b-11e5-a64f-001eecc1ca2a,T-Wayne
IWZ9A6AB,Nate Ruess
IWZ9ZCF9,Nick Jonas
IWZA0IBZ,Jay Hardway
IWZ9Z0C8,Hilary Duff
IWZAZ969,Futuristic
IWZ9E96A,R. City
IWZ9ZACB,Luke Bryan
IWZA0OWC,Min (St.319)
IWZ97U7U,Rhymastic
IWZ9ZC96,The Men
IWZ986Z9,Nukan Trần Tùng Anh
IWZ997CC,Hương Tràm
IWZ9ZOZ7,Đoan Trang
IWZ9ZZB6,Hoàng Thùy Linh
IWZ98OF8,Trấn Thành
IWZ9ZWUZ,Minh Hằng
IWZ9ZI7I,Khởi My
IWZ97ZAI,Duy Anh
IWZ96Z8C,Tim
IWZ9ZUC7,Phương Linh
IWZ9Z8ZZ,Tấn Minh
IWZ9ZW6Z,Hà Anh Tuấn
IWZ9ZWUA,Mỹ Linh
IWZ9ZU0U,Thu Phương
IWZ9ZBAW,Mạnh Quân
IWZ9DUZ0,Hoàng Yến Chibi
IWZ97CA7,Thái Tuyết Trâm
IWZ9ZW6B,Vân Quỳnh
IWZ98OBB,Phú Luân
IWZ97WAZ,Dương Hoàng Yến
IWZAZ96Z,Hàn Khởi
IWZAID9O,Avatar Boys
815f1a52-9c3b-11e5-816f-001eecc1ca2a,DJ Bác Sĩ Hải
IWZAZEFU,Christopher Wong
842eaee2-9c3b-11e5-9807-001eecc1ca2a,Garrett Crosby
IWZAZEF6,Ngọc Hiển
IWZA6IIF,Đoàn Nhược Quý
IWZ9ZBUD,Đinh Tiến Đạt (Mr Dee)
8b634582-9c3b-11e5-ae71-001eecc1ca2a,Tiến Luật
IWZ9ZDWE,Thu Trang
IWZ96DWO,Lưu Quang Anh
IWZ9D087,Chi Pu
IWZ98609,Mr. Siro
IWZ97OAD,Tonny Việt
IWZ9ZBUC,Quang Hà
IWZ9ZOC0,Tuấn Hưng
IWZAWOAB,Hà Duy Thái
IWZAW06B,Bùi Vĩnh Phúc (Hot Boy Kẹo Kéo)
IWZ97AZB,Đinh Kiến Phong
IWZAWIWI,Nam Dương
IWZ97OOZ,Hamlet Trương
IWZ9ZWZI,Bảo Thy
IWZ9708Z,Bùi Anh Tuấn
IWZ9C999,Nhật Thủy
IWZ98UA9,Vũ Cát Tường
IWZ97U9U,Tiến Minh
IWZ96990,Hạnh Sino
IWZ9ZED8,OnlyC
IWZAZUU7,Lou Hoàng
IWZ96E0B,365DaBand
IWZ99IE0,Isaac (365 Daband)
IWZ9ZCAB,Lâm Chấn Khang
IWZ9DZ9A,Thúy Anh
IWZ97OOA,Hồ Việt Trung
IWZ9ZIZI,Khánh Phương
IWZ97UOI,Châu Việt Cường
IWZ9609I,Thanh Bùi
IWZ96U7U,Tata Young
IWZ9DWOA,Đoàn Thúy Trang
IWZ96FEZ,Yanbi
IWZ99809,FB Boiz
IWZA0AUA,Bảo Kun
IWZ9EODI,Hà Lê
IWZ9FO76,Kay Trần
IWZ9B08F,Lê Bảo Bình
IWZ96F6U,Lynk Lee
IWZ9FFUD,Kevin Sôcôla
IWZ9Z7CB,Đại Nhân
IWZ98FOD,Phúc Bằng
IWZ97AUC,JC Hưng
IWZ9A9C8,Winny Quyên
IWZ9B88F,Daniel Mastro
IWZ9AOW8,Hồng Dương M4U
IWZ9ZB99,M4U
IWZ9ZEF7,Đinh Mạnh Ninh
IWZ9C6FO,NQP
IWZ98OU9,Tiên Cookie
159301ae-9c3c-11e5-9d27-001eecc1ca2a,P.A
IWZ96D6F,Mr.T
IWZ979II,Hà Bi
IWZ9ZUCI,Tóc Tiên
187815c0-9c3c-11e5-9a2f-001eecc1ca2a,Long Halo
IWZAZU8B,Hoaprox
IWZ97UI6,Mr A
IWZA0BC8,Mờ Naive
IWZ9DDFI,Hòa Minzy
1ef99506-9c3c-11e5-8602-001eecc1ca2a,Erik of St.Trainees
IWZAZ070,Vizza
IWZ9ZBWU,Duy Khoa
IWZA0CI7,Phạm Hoàng Duy
IWZ96FEI,Binz
IWZ9866E,M.D.K
IWZ97ABW,DeePink
2f695af4-9c3c-11e5-b78f-001eecc1ca2a,Pussycat Dolls
IWZ9CAZ0,Clownd Hoàng
IWZ96F6I,Andree
IWZ970BW,MinhPhucPK
IWZ9B70W,ItsLee
IWZAZUUA,Ngọc Trâm
39d468ae-9c3c-11e5-aeae-001eecc1ca2a,Panic! At The Disco
IWZ9ZEBA,Yung Joc
IWZ9Z8C6,Juelz Santana
IWZ9ZZWA,Cassie
IWZ9ZDDB,Paul Wall
IWZ9ZU9Z,Ali
IWZ966U7,Billy Currington
IWZ9ZEU0,Timbaland
IWZ9ZCDA,Nelly Furtado
IWZ9ZZCF,Colbie Caillat
IWZ9Z90Z,Keyshia Cole
IWZ9ZBF8,Missy Elliott
48f98ade-9c3c-11e5-9ff8-001eecc1ca2a,Lil' Kim
IWZ9Z8DA,Shakira
IWZ96WZA,Fort Minor
IWZ97EBE,Steve Aoki
IWZ96B7D,Holly Brook
IWZ9ZOCC,Ricky Martin
IWZ9ZW0F,BEAST
IWZ9ZWO8,CNBlue
IWZ960E8,PSY
IWZ9ZD00,Nickelback
IWZ98UCI,Kim Thư
IWZ9Z08E,Gummy
IWZ9ZDBZ,One Republic
IWZ9Z6FB,Fergie
IWZ99DZA,Hồ Quốc Việt
IWZ9ZEA7,Will.i.am
IWZ99EZ9,Kesha Sebert
IWZA00WD,Lil' Wayne
IWZA00WD,Lil' Wayne
IWZ9EA0Z,Neyo
IWZ9ZU8W,The Black Eyed Peas
IWZ9ZUAF,The Fray
IWZ98IEB,Boyce Avenue
IWZ98B98,Bobby Moon
IWZ97FD6,Pharell
IWZ97ZI0,Jim Jones
IWZ98CCZ,Lê Việt Anh
IWZ9A9IF,Bảo Trâm
IWZ96FCE,Slim Thug
IWZ96Z0E,Lương Minh Trang
IWZ9FO77,Tronie Ngô
IWZ9ZEAC,Wyclef Jean
IWZ96IFI,Dizzee Rascal
IWZ9807W,Claudia Leitte
IWZ96WAF,K'naan
IWZ97U7D,Carlinhos Brown
IWZ9Z08A,The Pussycat Dolls
IWZ96DW0,Phạm Toàn Thắng
80b0fc00-9c3c-11e5-b781-001eecc1ca2a,Hoàng Yến Idol
IWZ97WWA,Phan Ngọc Luân
IWZ98C9E,Dương Trần Nghĩa
IWZ96C6W,Hải Băng
IWZ97FCI,Addy Trần
IWZAZBOC,Juun Đăng Dũng
IWZ9BBFB,Nguyễn Xuân Lân
IWZAID6C,Trương Tâm Nhi
IWZA0AI0,Yến Lê
IWZAZ8UZ,Phùng Khánh Linh
IWZA608O,Bảo Uyên
IWZ9AZFC,Tiến Việt
IWZ98IFO,Anh Quân Bolero
IWZ997C8,Đào Bá Lộc
IWZ9Z08C,Tuấn Ngọc
IWZ9Z0FZ,Thanh Thảo
IWZ9ZWU7,Minh Tuyết
IWZ9ZIZ7,Lê Hiếu
IWZ9B7U9,Hà Anh
IWZ9ZCCC,Trương Quỳnh Anh
IWZ96AUA,Nam Du
IWZAZ76C,Luân Ken
9d51cb52-9c3c-11e5-8c97-001eecc1ca2a,Tina Ngọc Hương
IWZAUEFA,Phúc Anh
IWZ989Z6,Nguyên Hy
IWZ96CF9,Tăng Nhật Tuệ
IWZAWW6F,Donny Xian
IWZ9E99D,Mew Amazing
IWZ9ZC9U,Thảo Trang
IWZ9866W,Gizmo
a645f08a-9c3c-11e5-bf9a-001eecc1ca2a,Vilo
IWZ9CWU6,Mi Trần
IWZA0BOI,The Vamps
IWZA0AC8,GOT7
aeb2660a-9c3c-11e5-8405-001eecc1ca2a,Smallpools
IWZ9ZWIZ,All Time Low
IWZAZ0D0,Jidenna
af927978-9c3c-11e5-8a02-001eecc1ca2a,Roman GianArthur
afec5e34-9c3c-11e5-bf29-001eecc1ca2a,Clairity
IWZ9ZA8O,Little Big Town
IWZ976BW,Andy Grammer
IWZ9BZAE,Hailee Steinfeld
IWZAZDCI,Sigala
IWZ96CO8,Olly Murs
IWZ9ZE7E,Travie McCoy
IWZ97D6F,Rizzle Kicks
IWZ96C67,City Spud
IWZ96UZO,Santana
c340d986-9c3c-11e5-be21-001eecc1ca2a,T-Monkey
IWZ9ZCFD,Weboys
IWZ98AUB,Tove Styrke
c52b8d28-9c3c-11e5-b69e-001eecc1ca2a,Jake Reese
c5c790e6-9c3c-11e5-bc11-001eecc1ca2a,Astrid S
IWZAZFOZ,Paul Rey
IWZ97UI6,Mr A
IWZ960OO,Paul Mauriat
IWZ9Z9OE,Richard Clayderman
IWZ980DA,Icona Pop
IWZ97F8Z,Better Than Ezra
IWZ990FD,Ingrosso
cd6d0436-9c3c-11e5-910a-001eecc1ca2a,Gorgon City
cd788188-9c3c-11e5-b0b4-001eecc1ca2a,ROMANS
IWZA6OZ7,The Score
IWZ986I6,Shane Filan
d1b2af62-9c3c-11e5-aa55-001eecc1ca2a,I LOVE MAKONNEN
IWZ9CZWO,Soyou (Sistar)
IWZ986BU,Junggigo
IWZ97AIC,Cher Lloyd
IWZAZI6F,Jon Bellion
IWZ9EBIE,Sheppard
IWZ96W98,Jason Derulo
IWZ96W98,Jason Derulo
IWZ96W98,Jason Derulo
IWZAIB8U,Rixton
IWZ97DIO,Zendaya
e0bfc0dc-9c3c-11e5-9ba3-001eecc1ca2a,Yutaka Yamada
IWZAIF6O,Naoki Sato
IWZAU7WB,BØrns
e3d05bd2-9c3c-11e5-9f76-001eecc1ca2a,BORNS
e6489964-9c3c-11e5-a72a-001eecc1ca2a,Lunchmoney Lewis
IWZAZF0O,DNCE
IWZ998FO,Francis Goya
IWZ96Z96,Yanni
IWZ9ZZ88,Kitaro
IWZ96IAW,Bond
IWZ970DC,Beethoven
IWZ9ZCCZ,Secret Garden
f1bbb6c2-9c3c-11e5-9638-001eecc1ca2a,Arrow Benjamin
f3a0eb08-9c3c-11e5-b175-001eecc1ca2a,Lukas Graham
IWZAZBOZ,Sam Feldt
f46b3576-9c3c-11e5-abc8-001eecc1ca2a,Kimberly Anne
IWZAOUFO,iKON
IWZ9A08W,Kwang Hee
IWZ99Z8B,Yoo Jae Suk
IWZ960F7,Park Jin Young
fad3041a-9c3c-11e5-92c1-001eecc1ca2a,GD&TOP
IWZ97F9O,Haha
fb66fc86-9c3c-11e5-aa42-001eecc1ca2a,Zion.T
IWZ97ZIF,Apink
IWZ9Z97D,Miss A
fee7bd76-9c3c-11e5-b2ee-001eecc1ca2a,TWICE
IWZAUZU9,G-Friend
03f597d0-9c3d-11e5-844d-001eecc1ca2a,Veloce
IWZ9ZA7O,Nine Muses
05584a82-9c3d-11e5-b70a-001eecc1ca2a,April
IWZAI0F6,The Barberettes
IWZ9C6FU,Gaeko
10b1944c-9c3d-11e5-997f-001eecc1ca2a,Road Boyz
1170521a-9c3d-11e5-a5a4-001eecc1ca2a,UP10TION
IWZ98C6B,Girls' Generation-TTS
13e157b8-9c3d-11e5-9bbb-001eecc1ca2a,I.C.E
1463cfde-9c3d-11e5-882e-001eecc1ca2a,K-Much
14f18386-9c3d-11e5-a008-001eecc1ca2a,Moonshine
14fa009e-9c3d-11e5-91d6-001eecc1ca2a,Molly.D
15438b76-9c3d-11e5-8b74-001eecc1ca2a,Royal Pirates
IWZ96EA0,Verbal Jint
IWZ97I9I,2LSON
1b76f88c-9c3d-11e5-9638-001eecc1ca2a,Chancey The Glow
IWZ9BEWI,Kim My
IWZ97F8E,Deegie
IWZ9B7CE,Tako
IWZ9B7CF,J Hyung
216baa06-9c3d-11e5-9608-001eecc1ca2a,Yolhoon
IWZ979W7,Illinit
IWZ978I0,Vasco
25dc484c-9c3d-11e5-aa37-001eecc1ca2a,Leah
2657b85c-9c3d-11e5-9cdd-001eecc1ca2a,Wekeyz
27986de2-9c3d-11e5-b789-001eecc1ca2a,Jessi
IWZ9BABO,Beenzino
28931030-9c3d-11e5-a957-001eecc1ca2a,Kim Park Chella
2953ff66-9c3d-11e5-9a48-001eecc1ca2a,Octagon
2dbe7dca-9c3d-11e5-a34b-001eecc1ca2a,B.I & Bobby
IWZ96BOD,Tablo
IWZ9ZWII,BIGBANG
IWZ99IWD,Crush
3e3606e2-9c3d-11e5-9952-001eecc1ca2a,Brother Su
IWZ96UEZ,Gary
3efcb87e-9c3d-11e5-89e9-001eecc1ca2a,Miwoo
IWZ98A9F,Ailee
43fee6be-9c3d-11e5-9c30-001eecc1ca2a,Chen (Exo)
IWZ98Z8B,EXO-K
IWZAZIB8,Baekhyun (EXO)
IWZ96ZA9,San E
IWZ9BEC0,Yerin Baek
IWZAWWF7,Kiesza
IWZ97FDF,Kai
5fc16ce2-9c3d-11e5-b418-001eecc1ca2a,Bunji Garlin
IWZ98Z08,2 Chainz
IWZA6WZE,Jack Ü
IWZ9Z9A7,M
631003cc-9c3d-11e5-8ba9-001eecc1ca2a,Angelo Montano
6437bfd4-9c3d-11e5-b75c-001eecc1ca2a,Nyla
64922170-9c3d-11e5-952c-001eecc1ca2a,Chronixx
IWZ9C698,Elliphant
6502bbe8-9c3d-11e5-ba1a-001eecc1ca2a,Jovi Rockwell
IWZ9EOBU,Wild Belle
65d2cc0c-9c3d-11e5-bd49-001eecc1ca2a,Disciples
IWZ96098,Robin Thicke
IWZAUFO9,Verdine White
6a90c102-9c3d-11e5-ac6c-001eecc1ca2a,Roy English
IWZ9BIAZ,Dillon Francis
IWZ9FAUU,Deorro
6fc75b26-9c3d-11e5-a5a4-001eecc1ca2a,Moxie Raia
IWZAUCE8,Galantis
IWZ99OED,Dannic
737bd64a-9c3d-11e5-8b63-001eecc1ca2a,Mike Taylor
IWZ9Z86F,Tiesto
IWZAUFCF,KSHMR
IWZAW676,Vassy
IWZ9Z86F,Tiesto
IWZAW80O,ZHU
75bce01e-9c3d-11e5-964d-001eecc1ca2a,THEY.
IWZAZ0BO,JAUZ
786b62e8-9c3d-11e5-a787-001eecc1ca2a,Rozes
78cb890a-9c3d-11e5-b4ba-001eecc1ca2a,SirenXX
IWZ96CZA,Peabo Bryson
IWZ9609Z,Roberta Flack
IWZ9Z707,Elton John
IWZ96W77,Il Divo
IWZ97BE8,Tracy Wong
IWZ99WFC,Gerard Joling
IWZ9Z0A9,S.H.E
85b7d390-9c3d-11e5-88cc-001eecc1ca2a,Simon & Garfunkel
IWZ9ZOD0,Jesse McCartney
IWZ96DBO,Hero Band
IWZ9D09F,MKTO
IWZ99WE8,Midnight Red
IWZ9BEWF,Nikki Williams
8f6e90d2-9c3d-11e5-b561-001eecc1ca2a,Anna Kendrick
IWZ96W98,Jason Derulo
IWZ96WBI,Labrinth
IWZ98I88,Emeli Sandé
IWZ9Z9Z9,Maria Mena
IWZ9ZEO6,The Veronicas
965bfdf6-9c3d-11e5-aff0-001eecc1ca2a,Aly & AJ
IWZ9Z6CU,Dolores O'Riordan
IWZ9ZOCU,Katy Perry
IWZ98BBB,Passenger
IWZ97I0U,Tyler Ward
IWZ98Z0Z,Kurt Schneider
IWZ9ZZEZ,Craig David
IWZA6806,Hà Nhi Idol
IWZ9ZBUB,Chí Thiện
IWZA66AO,Đức Phúc
IWZAZ8U6,Nguyễn Hoàng Dũng
IWZA0I0U,Kim Ny Ngọc
IWZ9ZBCF,Nhật Kim Anh
IWZ99I7B,Ngọc Thúy
IWZ9BBFE,Lyna Thùy Linh
IWZ9D7EI,Gia Ly
IWZAIO80,Bình Minh Vũ
IWZ9ZCD8,Việt My
IWZ9ZW8O,Phạm Quỳnh Anh
IWZ9ZC9O,Thanh Ngọc
IWZ9ZB6Z,Huỳnh Nhã Lâm
IWZ9FZI8,Hoàng Long
IWZAIDI6,Wendy Thảo
IWZ9ZUAB,Uyên Trang
IWZ9A089,Hoàng Y Nhung
IWZ97U0U,Lý Hào Nam
IWZA0A00,Thiên Dũng
IWZ97CWU,Phương Thiên Hoàng
IWZ9A6IB,Minh Trí
IWZA60C7,Thế Phương VBK
IWZ969O7,Trần Trung Đức
IWZ96B9E,Hà Okio
IWZ9A86I,Hoàng Ka
IWZ96CD9,Huỳnh Lộc
IWZA68WW,Linh Miu
IWZAZ8CF,DC Tâm
IWZ9D9O9,Cao Nam Thành
IWZAUDCW,Mya Huỳnh
IWZ9Z97U,Nhật Tinh Anh
IWZ9ZCDZ,Vi Nhạn Ngọc
IWZAZDOU,Max Linh Phạm
IWZAU8ZI,PB Nation
IWZ98O8W,Andiez
e1b84a5c-9c3d-11e5-b21f-001eecc1ca2a,Onionn
IWZA0AU9,Sino P
IWZ9AWZA,Hoa Di Linh
IWZA6779,TAS
IWZ9ZIEA,Lương Bằng Quang
IWZ9ZCA6,Thu Thủy
IWZ9ZWUI,Lý Hải
IWZ9Z668,MTV
IWZ96U0A,Young Uno
IWZA0BZZ,Hoàng Anh Tùng
IWZ9ZDI9,Lê Kiều Như
IWZ9Z97W,Thanh Thúy
IWZ96EC7,Nguyễn Đình Vũ
IWZ97WD6,Bảo Thạch
IWZAO86I,Kang-in
IWZ96ZII,Hoàng Rapper
IWZ9ZCF6,Yến Trang
IWZ9ZCFU,Yến Nhi
IWZ9ZBBF,Ngô Kiến Huy
1490a83a-9c3e-11e5-987d-001eecc1ca2a,Ninh Dương Lan Ngọc
IWZ9Z8OI,Ân Khải Minh
IWZ9FW9O,Krystal Kim Quỳnh
IWZ9F9WU,Yan Nguyễn
IWZ9ZIAD,Akira Phan
IWZA60OZ,Phương Thế Huy
IWZ97W8F,Trương Bảo Khang
IWZAUA0D,Hoàng Thiên Sơn
IWZ9C868,Han Byul
IWZ98ZEE,Hunter Hayes
IWZ979UF,Skull
479b4630-9c3e-11e5-8331-001eecc1ca2a,Day6
IWZ98ICZ,Đổng Trinh
IWZ9C9B8,Nghiêm Nghệ Đan
IWZ9Z08D,Baek Ji Young
IWZ97EU8,Hồ Hạ
IWZ9Z0AE,Châu Kiệt Luân
IWZ98IZ9,Hyorin
IWZ96OOZ,Trương Kiệt
IWZ9ZIFW,Trương Đông Lương
IWZ98OFZ,Lâm Trí Hải
IWZ9ZDOB,Long Nhật
IWZ98UAW,Tokyo Square
IWZAIDFA,Khánh Bình
IWZ96C89,Đăng Khoa
573a4764-9c3e-11e5-a048-001eecc1ca2a,Sĩ Phú
IWZAOIDI,Ngọc My
IWZ9ZU9B,Lý Thánh Kiệt
IWZ9ZW80,Ngọc Sơn
IWZ9A9A6,AWOLNATION
IWZ9ZE7A,Sơn Hạ
IWZ9ZDUE,Mặt Trời Mới
IWZAZZFC,Bé Thiện Nhân
IWZ9ZEA8,Will Young
IWZ9EZAW,Borgore
IWZ9897W,DJ Hoàng Anh
IWZ96FB8,Hằng BingBoong
IWZ96BBZ,Thanh Tâm (Tâm Tít)
IWZA609B,Ray Võ
IWZA0BI7,Nguyễn Minh Cường
IWZAU9AA,Huỳnh Phan Trọng Quỳnh
6743e4d4-9c3e-11e5-b0cf-001eecc1ca2a,Lý Công
IWZAOWFA,Minh Ly
IWZAZF0B,Nguyễn Thanh
IWZAUWE6,Hồng Quyên
IWZ9DAU7,Viết Trung
IWZ9BCU9,Lâm Chi Khanh
IWZ97ID6,Du Thiên
IWZ98OZ6,Mina
IWZ9BZ0B,Dương Hồng Loan
IWZ9CUU6,Tiramisu Band
IWZ9ZIZU,Lâm Hùng
IWZ9ADBZ,Hải Đăng
IWZ9EWB6,Phương Mỹ Chi
IWZ9699U,Thùy Trang
IWZ9Z090,Đàm Vĩnh Hưng
IWZ9Z769,Đình Nguyên
755f1254-9c3e-11e5-a142-001eecc1ca2a,Kim Min Seung
IWZ9660W,Thúy Khanh
IWZ96DUZ,Tường Nguyên
IWZ9Z9CC,Lara Fabian
IWZ9ZCBE,NSND Lê Dung
IWZ9ZCBE,NSND Lê Dung
IWZ9ZCBE,NSND Lê Dung
IWZ9ZCBE,NSND Lê Dung
IWZ9ZWWZ,BoA
IWZ9ZC6B,Phan Đinh Tùng
IWZ9896F,Lê Sang
IWZ9DFDC,Huỳnh Nguyễn Công Bằng
IWZ9ZF99,Nhật Lâm
IWZ9Z08Z,Quách Tuấn Du
IWZ96O9B,Tiết Chi Khiêm
IWZ9ZW6D,Thanh Hà
IWZ9ZW69,Huy MC
IWZ966CZ,Laurie Anderson
IWZ96CCI,T.I.N
IWZAWW7O,Bé Ju Uyên Nhi
IWZ96D68,Anh Thư
IWZ9986I,Nhật Mai
IWZ988O8,Yến Ngọc
IWZ9Z9A6,Chu Bin
IWZ97EZ8,Vũ Duy
IWZ96ZF6,Lưu Ánh Loan
IWZ9ZB88,Lâm Vũ
8ad3ec02-9c3e-11e5-8869-001eecc1ca2a,Sohn
IWZ9ZFIA,Masami Okui
IWZAI0W6,Hoàng Mai Trang
IWZAZ7WW,Liu Quốc Việt
8f0f770c-9c3e-11e5-9481-001eecc1ca2a,Liêu Ngọc Lan
IWZ9E90D,Vương Bảo Nam
IWZ9ZC9F,Thiên Trường
IWZ98896,Việt Tú
IWZAW06B,Bùi Vĩnh Phúc (Hot Boy Kẹo Kéo)
IWZ99W98,Dương Nhất Linh
IWZ9CF7A,Lee Thiên Vũ
IWZ97WE7,Loren Kid
IWZA0AA0,Hồ Phong An
IWZ9ZBCB,Nguyên Khôi
IWZ9ZOFW,Minh Thuận
IWZ99UDA,KaiSoul
998569dc-9c3e-11e5-97f6-001eecc1ca2a,Phuc.Pin
IWZAW7EU,Cảnh Minh
IWZAWBCZ,Võ Kiều Vân
IWZ9ZIAE,Anh Kiệt
IWZA0B97,Hiếu Viper
IWZA0BEU,Ginô Tống
9e9b97b0-9c3e-11e5-8317-001eecc1ca2a,Lục Anh
IWZ96UED,Huỳnh Nhật Đông
IWZ97ODZ,Lâm Quang Long
IWZ9FUO0,Nam Khang
IWZ98O79,Hàn Nhất Thuyên
IWZ9ZC9B,Kim Tiểu Long
IWZ9ZD70,Pha Lê
a9424030-9c3e-11e5-8d98-001eecc1ca2a,La Thăng (Huy Nam & Huy Khánh)
IWZAO7B0,Kelvin Khánh
IWZ97WCI,Anh Trường
IWZ9ZBC9,Nguyễn Hồng Ân
IWZ9ZIUW,ABBA
IWZ9987D,Laura Branigan
IWZ9FDFU,Hồng Kim Hạnh
b00c1bd0-9c3e-11e5-b655-001eecc1ca2a,Lm.JB.Nguyễn Sang
IWZ9ZAI6,Tam Ca Áo Trắng
IWZ97O7E,Hòa Tấu
IWZ98866,Quách Beem
IWZAZD0W,Sumire
IWZ96FW7,FM
IWZ96Z0O,La Thăng (Huy Nam & Huy Khánh)
bc422d1e-9c3e-11e5-ba16-001eecc1ca2a,DJ Bảo Linh
IWZ9FOWD,Kenlly TK
bd3f5a6e-9c3e-11e5-a5cc-001eecc1ca2a,Ebisu
IWZAWCCE,Trọng Hiếu
IWZAZWUU,Đỗ Hiếu
c0a630f4-9c3e-11e5-be00-001eecc1ca2a,Burin
IWZAWWW8,Lê Vũ Bình
IWZ96FIU,Đào Phi Dương
IWZAZFI8,Cao Thái Bình
IWZAZZE9,Kim Khánh Chi
IWZ98U6W,Quang Anh
IWZ966W0,Trần Hoàng Anh
IWZ9ZCBW,Tống Gia Vỹ
IWZ9DOII,Ka Như Ngọc
IWZAUFCE,DJ LeeK54
IWZAW06B,Bùi Vĩnh Phúc (Hot Boy Kẹo Kéo)
IWZAW06B,Bùi Vĩnh Phúc (Hot Boy Kẹo Kéo)
IWZ99AFF,Hakoota Dũng Hà
IWZ997D0,Đinh Hương
IWZ99AFF,Hakoota Dũng Hà
IWZAOUUA,Khánh Trần
IWZA007B,DJ Oxy
IWZAUDEU,DJ Gin
IWZA0IAD,Vũ Thảo My
IWZ9Z6U9,Suboi
IWZ9699A,Cường Seven
de7df462-9c3e-11e5-9250-001eecc1ca2a,SG Prider
IWZ96UZ0,Dương Triệu Vũ
IWZAZ96W,Khánh Tiên
IWZ97EIF,Trang Pháp
IWZ9ADFO,TY
IWZ96U0F,Emily
IWZ966WO,Phúc Bồ
IWZ9ZB80,Khánh Đơn
IWZAOWB6,Huy Nam (A#)
IWZ99B0B,Đen
IWZAZ9ZE,Linh Cáo
IWZ99B0C,JGKiD
fb460568-9c3e-11e5-b216-001eecc1ca2a,Dr.Quang
IWZAO6EF,Khói
fbc24874-9c3e-11e5-8f26-001eecc1ca2a,Black Apple
0017e9c2-9c3f-11e5-98bc-001eecc1ca2a,TYU
00fff386-9c3f-11e5-a231-001eecc1ca2a,Kim
085f5c34-9c3f-11e5-92b8-001eecc1ca2a,Việt Anh
IWZ98EEU,Diby
IWZ9EWC7,Quân Đao
IWZ9FUEA,Ron
IWZ9ZIF8,Mỹ Tâm
IWZ9ZO6Z,Vân Quang Long
IWZ9EWAI,Lill Shin
0eb6a0a4-9c3f-11e5-b114-001eecc1ca2a,Lil Shine
IWZ997EW,Kaydy
IWZ970BW,MinhPhucPK
IWZ97CID,Amy
IWZ970DW,Kuppj
IWZ96FDD,Kim Joon Shin
IWZA0BIW,Bé Trang Thư
IWZ9Z76C,Ngọc Khuê
IWZ9ZIDE,Trác Y Đình
IWZ96OIA,Phùng Hy Dư
IWZ9Z0BF,Lưu Đức Hoa
IWZ9Z0BE,Đặng Lệ Quân
IWZ9Z0BO,Lâm Tâm Như
IWZAW9UO,Cao San
IWZ96UCU,Ngô Nhược Hy
23e294f8-9c3f-11e5-ba46-001eecc1ca2a,Trương Hàn
IWZ96CFW,Đồng Lệ
IWZAW6FI,Hoắc Tôn
IWZ9ZIEC,Trương Tín Triết
IWZ990I6,Lý Dịch Phong
IWZ99IC6,Kris
IWZ9ZI8C,Nishino Kana
28b9583e-9c3f-11e5-916f-001eecc1ca2a,Soyeon (T-ARA)
IWZ9ZUEU,Hayashibara Megumi
IWZ96ZB0,RSP
IWZ9Z09B,Emi Fujita
IWZ9Z0AB,IKIMONOGAKARI
IWZ9CBOD,TK from Ling Tosite Sigure
IWZ97UE9,Nhạc Không Lời
IWZ9Z0AB,IKIMONOGAKARI
IWZ96A6U,Hatsune Miku
IWZ98OZW,DJ Tisad
2ff3be08-9c3f-11e5-bd67-001eecc1ca2a,Dimitri Vegas & Like Mike
IWZ9DFOD,Redfoo
IWZ96E8A,The Lonely Island
IWZ9ZOOF,Eminem
IWZ96W98,Jason Derulo
IWZ9ZDBZ,One Republic
IWZAZOI0,Silento
IWZAZZC9,Brandon Beal
IWZAZZCA,Christopher
IWZ96WZ7,Fools Garden
IWZ99UAU,King Diamond
IWZ9ZEA7,Will.i.am
IWZAWB8O,Da LAB
IWZ96D6F,Mr.T
IWZ96F60,Lil Shady
IWZ98I0E,Quái Vật Tí Hon
IWZ9ZD9I,MicroWave
IWZ96B6B,UnlimiteD
IWZ9ZBU0,Gạt Tàn Đầy
IWZ96707,Ngọc Ánh Idol
IWZ9D70O,Khắc Quốc Hải
IWZ9B90F,Diana Boncheva
IWZ96A0I,Mozart
IWZ96BFC,Walter Hautzig
IWZ988AA,David Garrett
IWZ97IIW,Hans Zimmer
IWZ96OZC,James Last
IWZ979UA,Toshiro Masuda
5f50b508-9c3f-11e5-bce8-001eecc1ca2a,You Xue-zhi
IWZ98AWW,Nicky Wook
IWZ9E8CB,Han Lei
IWZ9D8I9,WOIM Collection
IWZ9BDDC,Rong Zheng
IWZ97UIB,Joe Hisaishi
IWZ970DZ,Igor Krutoy
IWZ988UO,The Piano Guys
IWZ96I8W,Kevin Kern
IWZ98AD7,Keiko Matsui
IWZ979FD,Two Steps From Hell
IWZ9ZC0A,Trần Mạnh Tuấn
IWZ9Z0CZ,Kenny G
IWZ9FBBF,Minh Tâm Bùi
6d38e8dc-9c3f-11e5-9cae-001eecc1ca2a,Đình Thanh
7025cc1e-9c3f-11e5-bce5-001eecc1ca2a,Grumiaux Trio
7038ed00-9c3f-11e5-868c-001eecc1ca2a,Academy Of St Martin InThe Fields
IWZ9CIU9,Alban Berg Quartet
IWZ9EIEZ,Cécile Corbel
IWZ98AIB,Acoustic Cafe
IWZ9ZO68,Apocalyptica
IWZ98Z9O,Jon Schmidt
IWZ98OO0,Steven Sharp Nelson
IWZ98O8F,Lindsey Stirling
780a55cc-9c3f-11e5-8697-001eecc1ca2a,Lzzy Hale
IWZ986ZB,Jun Sung Ahn
IWZ98OWB,Sungha Jung
IWZ9D8IA,Paddy Sun
IWZ97W9I,July
IWZ9B6UD,DJ Okawari
IWZ9ZWOD,Davichi
IWZ9Z6AB,SISTAR
IWZ98UUZ,Henry
IWZ9ZZAA,SS501
IWZ989I9,NU'EST
IWZ9ZWI6,4MINUTE
IWZ9Z08F,K.will
IWZ9Z09I,Super Junior
IWZ9BD06,Park Bo Ram
IWZAWOB7,Winner
9306fb8c-9c3f-11e5-8e14-001eecc1ca2a,Chopsticks Brother
IWZ9Z6FO,T-ARA
IWZ9ZW8A,Cool
IWZ9ZWBB,Jang Na Ra
IWZ96FOF,Jung Yong Hwa
IWZ9ZZAU,SHINee
IWZ9CF88,T (Yoon Mi Rae)
IWZ9980F,Serebro
IWZ96Z8D,911
IWZ968FZ,Mai Fin
a5c1d65e-9c3f-11e5-a70f-001eecc1ca2a,Lovelyz
IWZ9ZOBW,HOMME
a9325912-9c3f-11e5-9f92-001eecc1ca2a,Kisum
IWZ9ZWC9,Joo
IWZ9ZWB9,Jay Park
IWZ9AEFB,Okasian
IWZ9ZIU9,IU
ae2573ec-9c3f-11e5-bf85-001eecc1ca2a,Park Kyung (Block B)
IWZ9ZFBA,ZIA
IWZ98F6Z,VIXX
IWZ9CCAU,KittiB
IWZ9CIB0,Jeon JiYoon (4Minute)
b75b585e-9c3f-11e5-abed-001eecc1ca2a,Heize
IWZ97FZF,Young Jun
IWZ9FOE7,Lim Chang Jung
ca055a68-9c3f-11e5-af92-001eecc1ca2a,Jeong Hyeong Don
ca17d9d2-9c3f-11e5-b3aa-001eecc1ca2a,hyukoh
ca633a1a-9c3f-11e5-8b08-001eecc1ca2a,Jeong Jun Ha
IWZ9CWWO,Yoon Sang
IWZ9ZBFZ,Park Myung Soo
ccce8c70-9c3f-11e5-939e-001eecc1ca2a,Kwon Jeong Yeol (10cm)
IWZAO8B7,Sam Hunt
IWZA6IWE,Bryson Tiller
dedda148-9c3f-11e5-879a-001eecc1ca2a,Skylar Stecker
dfac42ae-9c3f-11e5-8ac5-001eecc1ca2a,Connell Cruise
IWZ9EOFD,The Royal Concept
e0697bc0-9c3f-11e5-8ca1-001eecc1ca2a,Nick Fradiani
IWZ9CC9E,Pentatonix
IWZ96BWD,Eric Church
ec4f07e6-9c3f-11e5-b6b2-001eecc1ca2a,M80
IWZ976B7,Kirk Franklin
f1c970ec-9c3f-11e5-acdf-001eecc1ca2a,Kim Burrell
f1dbe6b6-9c3f-11e5-a6c6-001eecc1ca2a,Lalah Hathaway
f2ba252e-9c3f-11e5-8359-001eecc1ca2a,Tasha Page Lockhart
IWZA6808,Zacardi Cortez
f6b8154c-9c3f-11e5-bc28-001eecc1ca2a,Sebastian Kole
IWZ9Z870,Trans Siberian Orchestra
IWZAZOB7,Chris Stapleton
IWZ96ID6,Chris Young
IWZ9777D,Vince Gill
IWZ9A9CA,Cassadee Pope
IWZ9ZBFC,Monica
IWZ9E7BE,Logic
0c1de474-9c40-11e5-a7ce-001eecc1ca2a,Jesse Boykins III
0cba95c0-9c40-11e5-ae0b-001eecc1ca2a,Dria
0e133fc8-9c40-11e5-8452-001eecc1ca2a,Lucy Rose
0e5cc412-9c40-11e5-ae6f-001eecc1ca2a,Big Lenbo
IWZAZFCU,Jordan Smith
IWZA6UU8,Post Malone
IWZ9ZDFU,Pharrell Williams
IWZA60A6,HUI
IWZ97DEE,Hồ Gia Khánh
2dcb1b88-9c40-11e5-a781-001eecc1ca2a,Hồ Gia Hùng
IWZ9ZUCZ,Thái Châu
IWZ9BWFU,Khắc Anh
IWZAZUU8,Hoàng Rob
IWZAZAEE,Justin Ward
IWZ9E8D9,Yuki Matsui
IWZAWZCI,Pchy
IWZ9DEO0,Palmy
IWZ96AWC,3.2.1
IWZ9EABU,Baitoey R Siam
IWZ9E99E,Getsunova
IWZA0B7W,Mike D. Angelo
d75f6468-9c40-11e5-a87c-001eecc1ca2a,Aom - Sucharat Manaying
IWZ96W98,Jason Derulo
IWZ979AB,Mystikal
IWZ9ZODB,Ice Cube
IWZ9Z609,The Beatles
IWZ96UU0,Don Nguyễn
IWZAWWDO,Bé Tô Kim Thư
160420c6-9c41-11e5-8026-001eecc1ca2a,Đoàn Nguyễn Bảo Trọng
IWZ97AID,Vũ Song Vũ
1a1bc406-9c41-11e5-89a9-001eecc1ca2a,Huyền Trân (The Voice Kids)
IWZAUE78,Papyxu Tường
259753c0-9c41-11e5-b67d-001eecc1ca2a,Nike
IWZ96U66,J.Lee
IWZ96C98,Thai Viet G
IWZ96Z0B,Quân Rapsoul
IWZ9BDFO,Bảo Chung
IWZ9ZB9U,Lưu Chí Vỹ
51e009a8-9c41-11e5-ae69-001eecc1ca2a,REX.D
IWZ998C9,Spandau Ballet
IWZ98CZC,Maria Arredondo
IWZA6O8Z,Jun Phạm 365
IWZ97IOE,12 Girls Band
IWZ98BFB,Đàm Viêm Kiện
IWZ98BE9,Ngũ Quốc Trung
IWZ9ZWAE,Thiên Kim
IWZ96C86,Bích Phương
IWZ9868B,Xuân Hiểu
IWZ9868B,Xuân Hiểu
IWZ9868B,Xuân Hiểu
IWZ9868B,Xuân Hiểu
IWZ9868B,Xuân Hiểu
IWZ9868B,Xuân Hiểu
IWZ9868B,Xuân Hiểu
IWZ9868B,Xuân Hiểu
IWZ9868B,Xuân Hiểu
IWZ98BF6,Phạm Quang Trung
IWZ9ZOZE,Duy Mạnh
IWZ9868B,Xuân Hiểu
IWZ9868B,Xuân Hiểu
IWZ979OO,Lê Tấn Quốc
IWZ9868B,Xuân Hiểu
IWZ9868B,Xuân Hiểu
IWZ9868B,Xuân Hiểu
IWZ9868B,Xuân Hiểu
IWZ9868B,Xuân Hiểu
IWZ9868B,Xuân Hiểu
IWZ9868B,Xuân Hiểu
IWZ9868B,Xuân Hiểu
IWZ9868B,Xuân Hiểu
IWZ9868B,Xuân Hiểu
IWZ9868B,Xuân Hiểu
IWZ9868B,Xuân Hiểu
IWZ9868B,Xuân Hiểu
IWZ9868B,Xuân Hiểu
IWZ9868B,Xuân Hiểu
IWZ9868B,Xuân Hiểu
IWZ9868B,Xuân Hiểu
IWZ9868B,Xuân Hiểu
IWZ9868B,Xuân Hiểu
IWZ9ZIFZ,Thanh Lam
IWZ9ZIFZ,Thanh Lam
IWZ98I7U,Nguyễn Hùng Saxophone
IWZ9ZIFZ,Thanh Lam
IWZ9E9AI,Khánh Vinh
IWZAWZ7A,Hoài Phương (Cựu TV Mặt Trời Đỏ)
IWZ9868B,Xuân Hiểu
IWZ9BDDB,Tiến Biên
IWZ98BF7,Nhật Nguyên
IWZ9868B,Xuân Hiểu
IWZ9868B,Xuân Hiểu
IWZ9ZEFW,Ngọc Minh
IWZ9880W,Andre Rieu
IWZ97OIB,Kronos Quartet
0e63f266-9c42-11e5-870b-001eecc1ca2a,Kreutzer Quartet
IWZ98AID,2002
IWZ987F9,English Chamber Orchestra
IWZ97CEC,Salvatore Accardo
IWZ986OF,David Parry
IWZ98I0D,London Philharmonic Orchestra
1cca9c3a-9c42-11e5-8251-001eecc1ca2a,Heinrich Schiff
IWZ9E7F9,Emerson String Quartet
IWZ96BDU,Yo Yo Ma
IWZ9BDZ7,Wu Nuo
IWZ9D97A,Kaoru Kukita
IWZ9CC0F,Fu Na
IWZ9CC0E,Gao Zhijian
51175370-9c42-11e5-b1e9-001eecc1ca2a,Micheal Kevin Jones
5122a87a-9c42-11e5-a3fb-001eecc1ca2a,Augstine Maruri
IWZ9798B,Jacqueline du Pré
IWZ9B6O9,Eklipse
IWZ9ZCII,Myleene Klass
IWZ97WOW,Angels Of Venice
57598bca-9c42-11e5-9f89-001eecc1ca2a,Kevin Olusola
IWZ98UCW,Gary Karr
IWZ997UE,Maxim Vengerov
IWZ9D9BF,Monotoi
5bffec00-9c42-11e5-8f41-001eecc1ca2a,Hartmut Rohde
IWZ9CABW,Christian Zacharias
5c61e8c8-9c42-11e5-a209-001eecc1ca2a,Leipziger Streichquartett
IWZ977OZ,Dia Frampton
IWZ9B6W6,Eric Chiryoku
IWZ96FZZ,Miyamoto Emiri
IWZ97O08,Duy Cường
IWZ97W67,Sir Neville Marriner
IWZ98F8W,Vanessa Mae
92c7c834-9c42-11e5-93b7-001eecc1ca2a,Horns & Strings - Wagner
IWZ9CABZ,Daniel Hope
IWZ988BO,Chamber Orchestra Of Europe
IWZ9A7EW,Ikuko Kawai
IWZ9ZE80,Vĩnh Tâm
IWZ98BFA,Vô Thường
c64e891c-9c42-11e5-9c1b-001eecc1ca2a,Kory Caudill
IWZ97EOB,Kashiwa Daisuke
IWZ98C0Z,Danbi
IWZ990U7,CREPE
IWZ98C06,Makiko Hirohashi
1d3a84dc-9c43-11e5-b10c-001eecc1ca2a,Arthur Rubinstein
IWZ969BB,Daniel Barenboim
IWZ99B9E,Lazar Berman
IWZ969D8,Igor Markevitch
IWZ98WWC,Bernard Haitink
IWZ97W66,London Symphony Orchestra
IWZ98O70,Jacques Loussier Trio
IWZ9ZWDE,China Dolls
IWZ97FBC,Lý Dực Quân
IWZAWWWZ,TFBoys
IWZ99I6A,Trần Lâm
IWZ9ZUW0,Lý Khắc Cần
8ddff9de-9c43-11e5-838f-001eecc1ca2a,Diêm Dịch Cách
IWZ96U6F,Lâm Hựu Gia
IWZ9ZUIE,Hebe
IWZ9ABU7,Trần Hiểu
IWZ98I6B,Lưu Hân
92d73f10-9c43-11e5-a051-001eecc1ca2a,Trần Nghiên Hy
93c36ff4-9c43-11e5-81f5-001eecc1ca2a,Trương Hinh Dư
IWZ98I7I,Trần Tường
IWZ9ZI0E,Châu Hoa Kiện
956882fe-9c43-11e5-a746-001eecc1ca2a,Hạng Á Hồng
IWZ979IE,Vũ Tuyền
95e4446e-9c43-11e5-9ecd-001eecc1ca2a,Vương Tư Viễn
96418f82-9c43-11e5-9652-001eecc1ca2a,Lỗ Hướng Hủy
9777ea1c-9c43-11e5-93f8-001eecc1ca2a,Lão Tiền
97dbf902-9c43-11e5-8ff6-001eecc1ca2a,Hồ Sa Sa
984b00e8-9c43-11e5-9733-001eecc1ca2a,Tưởng Dao Gia
98a41f42-9c43-11e5-8cb8-001eecc1ca2a,Kha Chấn Triết
99415ec8-9c43-11e5-aa65-001eecc1ca2a,Tân Nhược Thiên
IWZ98I60,Châu Huệ
IWZ97EE9,Sailor Moon
IWZ9ZIBZ,AKB48
IWZ96F7Z,Akeboshi
b61f3ad8-9c43-11e5-b845-001eecc1ca2a,Musashi Project
b839e57a-9c43-11e5-88e5-001eecc1ca2a,Toshio Masuda
IWZ97UDF,Manami Morita
c55bbd06-9c43-11e5-ba7f-001eecc1ca2a,Yōsui Inoue
cbd54ae4-9c43-11e5-8ec5-001eecc1ca2a,Chouchou-P
d0ae974a-9c43-11e5-ae54-001eecc1ca2a,Daisy×Daisy
d101d5fe-9c43-11e5-86a1-001eecc1ca2a,Magic Party (Japan)
IWZ9ZZB7,Mikuni Shimokawa
IWZ96FFO,SuG
IWZ97EZU,Shiho Nanba
IWZAWCF0,FUNKIST
d35b88c0-9c43-11e5-b9e5-001eecc1ca2a,onelifecrew
IWZ99A6W,IDOLING!!!
IWZ98BAC,Watarirouka Hashiritai
IWZ9ZOC9,Carrie Underwood
IWZ9Z6AA,Secret
IWZ96BOW,Thái Ngọc Bích
IWZ9ZWDI,KARA
IWZ9ZWII,BIGBANG
IWZ9ZWII,BIGBANG
IWZ9ZWII,BIGBANG
IWZ9ZWII,BIGBANG
IWZ9ZWII,BIGBANG
IWZ9ZWII,BIGBANG
IWZ9ZWII,BIGBANG
IWZ9ZWII,BIGBANG
IWZ9ZWII,BIGBANG
IWZ9ZWII,BIGBANG
IWZ9ZWII,BIGBANG
IWZ9ZWII,BIGBANG
IWZ9ZWII,BIGBANG
IWZ9ZWII,BIGBANG
IWZ9ZWII,BIGBANG
IWZ9ZWII,BIGBANG
IWZ9ZWII,BIGBANG
IWZ9ZO0W,Dae Sung
IWZ9ZWII,BIGBANG
IWZ9ZWII,BIGBANG
IWZ9Z6F8,T.O.P
IWZ9ZWII,BIGBANG
IWZ9ZWII,BIGBANG
IWZ9ZWII,BIGBANG
IWZ9ZWII,BIGBANG
IWZ9ZWII,BIGBANG
IWZ9ZWII,BIGBANG
IWZ9ZWII,BIGBANG
IWZ9ZWII,BIGBANG
IWZ9ZWII,BIGBANG
IWZ9ZWII,BIGBANG
IWZ9ZWII,BIGBANG
IWZ9ZWII,BIGBANG
IWZ9ZWII,BIGBANG
IWZ9ZWII,BIGBANG
IWZ9ZWII,BIGBANG
IWZ9ZWII,BIGBANG
IWZ9ZWII,BIGBANG
IWZ9ZWII,BIGBANG
IWZ9F0FA,Takanashi Yasuharu
IWZ9Z0AB,IKIMONOGAKARI
IWZ9Z0AB,IKIMONOGAKARI
IWZ9Z0AB,IKIMONOGAKARI
IWZ9Z0AB,IKIMONOGAKARI
IWZAUE80,Hibari Misora
IWZ96WU9,Tiffany
IWZ966OZ,Seohyun
IWZ97O90,Seo Hyeon
IWZ960BW,Teshima Aoi
17fb73a8-9c44-11e5-9a3e-001eecc1ca2a,Rin'
IWZ9Z0C9,Mai Kuraki
IWZ9Z60B,Yui Makino
IWZ9ZUWB,Every Little Thing
IWZ9780Z,Hiroyuki Sawano
IWZ9Z0AB,IKIMONOGAKARI
IWZ96Z60,FripSide
IWZ96OZA,Kiroro
IWZ9ZI0F,Nakashima Mika
IWZ960BU,Asako Toki
IWZ9C8CB,EGOIST
IWZ9ZUUA,w-inds.
IWZ970OA,Tiara
IWZ9ZZBI,DBSK
IWZ9ZZCC,Anri Kumaki
26f41dfe-9c44-11e5-b424-001eecc1ca2a,LiSA (Love is Same All)
2790847e-9c44-11e5-84c6-001eecc1ca2a,Hana Hana
28200348-9c44-11e5-8746-001eecc1ca2a,BACK-ON
28703434-9c44-11e5-9606-001eecc1ca2a,BRIGHT (Japan)
2a1142ca-9c44-11e5-b957-001eecc1ca2a,Konomi Suzuki
2ab61f82-9c44-11e5-a255-001eecc1ca2a,Yuki Murata
IWZ9Z0AB,IKIMONOGAKARI
IWZ98WAI,Nakamura Maiko
IWZ98IA8,CLIFF EDGE
IWZ9ZDBB,Rikki
IWZ9ZW0E,2PM
IWZ9ZOWZ,Da Mouth
IWZ966CD,ORANGE RANGE
IWZ9ZZ9C,NEWS
IWZ9ZCU7,Neil Sedaka
IWZ9689A,Yonekura Chihiro
IWZ9ZF07,Okamoto Mayo
IWZ9ZB9B,Aya Hisakawa
IWZ9ZZ8W,KOKIA
36ba5c2c-9c44-11e5-b0ea-001eecc1ca2a,B'z
IWZ9ZZ9C,NEWS
IWZ9Z0FI,YUI
IWZAWCBE,Trillium
IWZAWCBD,Lisa Dillan
IWZAWCBC,Lisa Wahlandt
3aead72e-9c44-11e5-8a0f-001eecc1ca2a,Wong Li
IWZ98CFD,Chie Ayado
IWZ98CUW,Kari Bremnes
IWZ9B7C9,Fiona Joy Hawkins
IWZAWCB9,Inger Marie Gunderson
3da5991e-9c44-11e5-a1f3-001eecc1ca2a,Mind Games
IWZ9AEE7,Nicki Parrott
IWZ9876E,Susan Wong
IWZ97ABE,Royal Hunt
IWZ9ZAUB,Megadeth
IWZ979ZE,HammerFall
IWZ97F9D,Sinner
IWZ9789E,Iced Earth
IWZ9ZFWZ,Rage
IWZ989OA,The Wayfaring Strangers
IWZ988CZ,Tish Hinojosa
IWZ988C6,Cheryl Wheeler
IWZ989OB,Carrie Newcomer
IWZ989O8,Claire Lynch
IWZ9ZIFE,Alison Krauss
IWZ97ZZ9,Union Station
IWZ989O9,Nanci Griffith
IWZ989O7,Rhonda Vincent
IWZ989UA,Sachal Vasandani
IWZ989U9,Tony DeSare
IWZ988DE,Livingstone Taylor
IWZ988E0,Hayati Kafe
IWZ989UO,Lee Lessack
IWZ989U8,Ken Page
75af5700-9c44-11e5-bed6-001eecc1ca2a,Tony O'Malley
IWZ989U7,DK Ibomeka
IWZ989U6,Joe Francis
IWZ988EW,Al Somma
IWZ988DC,Tim Tamashiro
IWZ989UZ,Monte Procopio
IWZ989UU,Brian Lane Green
IWZ96CW6,Don Williams
IWZ989UW,Todd Gordon
IWZ96UEA,Olivia Ong
IWZ98FCZ,Inuzuka Saeko
IWZ988EE,Niki King
IWZ988D7,Noon
IWZ988DW,Salena Jones
IWZ97BB8,Kelly Sweet
IWZ988ED,Pamela Luss
IWZ98U9W,Houston Person
IWZ988EC,Mary Ann Hurst
IWZ97UCD,Eva Cassidy
IWZ988EB,Sarah Morgann
IWZ97COZ,Regine Velasquez
IWZ988EA,Keri Noble
IWZ9Z80U,ANGELA
IWZ988DA,Rebecca Pidgeon
IWZ96FE8,Lydia
IWZ9ZBEW,Stacey Kent
IWZ98B0Z,Julienne Taylor
IWZ960WC,Smokie
IWZ9Z68U,Deep Purple
IWZ98AZO,Mimi Lo
IWZ98CFB,New Age
IWZ988DZ,Cheryl Bentyne
IWZ98AZI,Jacqui Naylor
IWZ98D97,Andrew Lloyd Weber
IWZ98DF7,Mike Silver
IWZ988D0,Sofia Petersson
IWZ988CU,Jheena Lodwick
IWZ989B8,Vittorio Grigolo
IWZ98FFW,Laura Fygi
IWZ98DFF,Irene Au
IWZ98DC0,David Munyon
IWZ9ZFI0,Chris Norman
IWZ9ZCAC,Stevie Wonder
IWZ988E7,Marcela
IWZ9ZUAW,Bob Dylan
IWZ98AZZ,Michelle
IWZ9Z76D,The Platters
IWZ98CU0,Christiane Eiben
IWZ98CUZ,Cynthia M
IWZAW7AW,Softband
IWZ96UU8,Status Quo
IWZ969AA,Sissel
IWZ98DAF,Andrea Ross
IWZ9ZAB6,Luciano Pavarotti
IWZ967AA,Henry Mancini
IWZ9Z70I,Ella Fitzgerald
IWZ98DAA,The Tenors
IWZ98AZW,Bonnie Lam
IWZ9ZZCO,Clay Aiken
IWZ98DBI,Ute Lemper
IWZ98DFD,Michelle Tse
IWZ9ZO9W,Barbra Streisand
IWZ9ZEUU,Tina Turner
adce0c80-9c44-11e5-9c46-001eecc1ca2a,Claude François
IWZ98BOE,La Bouche
IWZ96A6O,Wham
IWZ96EU6,Haddaway
IWZ9Z9EC,Leo Sayer
IWZ9ZIAI,Air Supply
IWZ9ZE90,Vanessa Paradis
IWZ9ZDFZ,Phil Collins
IWZ9CA0D,Kan Mok
IWZ97C9E,Sabrina
IWZ98F86,Jinchi
IWZ98F86,Jinchi
IWZ98F9O,Tongli
IWZ98F9O,Tongli
IWZ9ZA6Z,Michael Bolton
IWZ96UBW,The Turtles
IWZ9Z7WA,The Everly Brothers
IWZ9Z778,George Michael
IWZ97A88,Lobo
IWZ97098,BWO
IWZ960IF,Richard Marx
IWZ9Z80F,Jason Donovan
IWZ9ZFI8,Berlin
c123f628-9c44-11e5-bc79-001eecc1ca2a,Chris Hart
c16e6086-9c44-11e5-a41a-001eecc1ca2a,Tim Rushlow
IWZAOEBF,MacKenzie Porter
IWZ9Z9DE,LeAnn Rimes
c31b6a6e-9c44-11e5-af35-001eecc1ca2a,Jessie James Decker
IWZ97D6W,Idina Menzel
IWZ9BZ66,Nashville Cast
c58dcec8-9c44-11e5-adf9-001eecc1ca2a,Clare Bowen
IWZ96I7D,Ashanti
IWZ966UB,Darius Rucker
IWZ9Z9AF,Kris Allen
IWZ9Z968,Kenny Chesney
IWZ9ABU9,Cimorelli
IWZ9ZEZI,Tony Bennett
IWZ9ZZAE,Jon Mclaughlin
IWZ9Z6FF,Eli Young Band
IWZ98ID0,Kip Moore
IWZ96WBD,Lee Brice
cfa89098-9c44-11e5-aaa6-001eecc1ca2a,Ca$h Out
IWZ988BU,Havana Brown
IWZ9Z80D,Jason Aldean
d17e43ac-9c44-11e5-b427-001eecc1ca2a,T-Pain
IWZ9Z7CD,Lily Allen
d24ac57e-9c44-11e5-8353-001eecc1ca2a,Selena Gomez & The Scene
IWZ96WZD,Toby Keith
IWZ96UAE,Train
IWZ98797,Kirko Bangz
IWZ9Z797,Gym Class Heroes
IWZ9Z77Z,Gavin DeGraw
IWZ98Z07,Karmin
IWZ97ECI,Neon Hitch
IWZ9890I,Phillip Phillips
IWZ98D68,Alex Clare
IWZ96WDW,LMFAO
IWZA00WD,Lil' Wayne
IWZ96U9A,The Wanted
IWZ98ZBA,Gotye
IWZ98ZBB,Kimbra
IWZ9ED7A,Mary Lambert
ec4a4c28-9c44-11e5-8d83-001eecc1ca2a,Alex & Sierra
IWZ9ZW7U,Danity Kane
IWZ9AF9C,Florida Georgia Line
IWZ9ZU67,U2
IWZ9Z7ZF,Foo Fighters
IWZ9CD9W,Anthem Lights
IWZ9ZDUD,Teyana Taylor
IWZ997OE,Charli XCX
IWZ9907E,Azealia Banks
IWZ96U6B,Susan Boyle
f2436b0a-9c44-11e5-a2a7-001eecc1ca2a,Billy Boyd
IWZ98BIE,Ben Howard
IWZ98F6B,Rumer
IWZAW6DU,The Madden Brothers
IWZ9B879,Selah Sue
IWZ9878B,Childish Gambino
IWZ9ZEOZ,The Ting Tings
IWZ9890O,Jessica Sanchez
f5b4906e-9c44-11e5-a33b-001eecc1ca2a,Dami Im
f601e29c-9c44-11e5-bb46-001eecc1ca2a,McBusted
IWZA00WD,Lil' Wayne
IWZ96OBC,Paloma Faith
IWZ98ADB,Hoodie Allen
IWZ9DOIB,Union J
IWZ99B60,Angel Haze
IWZ96OE9,Samantha Jade
IWZ9ZZ6I,Cheryl
IWZ9CC8O,Angie Miller
IWZ96W9C,Jessica Mauboy
fc1e7a50-9c44-11e5-8e1f-001eecc1ca2a,Maggie Chapman
fcaeaa3e-9c44-11e5-8997-001eecc1ca2a,Leighton Meester
IWZ9ZUOZ,Bette Midler
IWZ9CUBB,Darlene Love
fd8827f8-9c44-11e5-ad7c-001eecc1ca2a,Bella Thorne
ff16f030-9c44-11e5-8795-001eecc1ca2a,Band Aid 30
IWZ9Z796,Guy Sebastian
IWZAWZ78,M.O
IWZ9ZDI7,Nicole Scherzinger
01535b2c-9c45-11e5-a34a-001eecc1ca2a,Madilyn Paige
IWZ9Z9FF,Lifehouse
IWZAW8C0,Jake Miller
032e3562-9c45-11e5-b59b-001eecc1ca2a,Ms. Dynamite
IWZ9ZOWE,Alexander Rybak
IWZ9609F,Ronan Keating
IWZ9Z6Z9,Gareth Gates
IWZ9ZDEA,Peter Andre
IWZ9ZUEO,Brian McFadden
IWZ9Z68D,Delta Goodrem
IWZ9Z099,Aaron Carter
IWZ96IDC,Daniel Bedingfield
IWZ96IAO,Bosson
IWZ96W9D,Jessica Simpson
IWZ97IEO,Stevie B
IWZ9ZBIO,Sarah Connor
IWZ986I7,Kelly Chan
IWZ9Z6OW,Darren Hayes
IWZ9ZE8I,Trisha Yearwood
IWZ96I6E,A1
IWZ9ZDF9,The Corrs
IWZ9Z96W,Kelly Rowland
IWZ9ZO78,Atomic Kitten
IWZ9Z9F6,Martina Mcbride
IWZA00WD,Lil' Wayne
IWZ9ZZ09,Busta Rhymes
IWZA00WD,Lil' Wayne
IWZ9Z97C,Keri Hilson
1cfd62ee-9c45-11e5-9d3a-001eecc1ca2a,D.O.E.
IWZ96WOD,Taio Cruz
IWZ9ZIEO,Alicia Keys
IWZ96W98,Jason Derulo
22d55c98-9c45-11e5-868f-001eecc1ca2a,All-4-One
IWZ97W06,Ashthon Jones
IWZ99AB9,Antoneus Maximus
IWZ9Z7U6,Faith Evans
IWZ9ZOC6,Sean Kingston
IWZ96W98,Jason Derulo
IWZ96B0Z,Lupe Fiasco
IWZ9769E,Gabrielle
IWZ9B76U,Mikky Ekko
IWZ976CC,Auburn
IWZ9D86F,Banks
316ea476-9c45-11e5-990e-001eecc1ca2a,Snakehips
IWZ9EUF6,Chance The Rapper
IWZ97FZW,Eva Simons
IWZ96OFF,Sidney Samson
IWZ9ZUZO,Billy Gilman
IWZ96EU7,DJ Earworm
33335fba-9c45-11e5-a2b2-001eecc1ca2a,Mr. Little Jeans
IWZ977A0,Alexandra Stan
3407a3be-9c45-11e5-93cf-001eecc1ca2a,LP
34513e40-9c45-11e5-8212-001eecc1ca2a,Keith James
34a266e8-9c45-11e5-a36f-001eecc1ca2a,99 Souls
IWZ9ZUCE,Brandy
3561a29c-9c45-11e5-8ab8-001eecc1ca2a,Big Narstie
IWZAUZO9,Sigma
IWZ9Z7ID,Enya
IWZ9ZIAU,Good Charlotte
IWZ9Z8WA,Jennifer Nettles
IWZ9ZCW7,Aurora
IWZ96OFU,Seal
395200a8-9c45-11e5-baab-001eecc1ca2a,Camila Cabello
IWZAZZCA,Christopher
IWZ97967,Foster The People
IWZ97OZB,Hedley
IWZA6O7W,Chris Lane
3bd7226e-9c45-11e5-be92-001eecc1ca2a,Empire Cast
3be2863a-9c45-11e5-8431-001eecc1ca2a,Jussie Smollett
IWZ9ZOWO,Angie Stone
IWZ9ZB06,Sara Bareilles
IWZA6W6C,Ben Haenow
IWZ9ZCCA,Sufjan Stevens
418996b4-9c45-11e5-80cb-001eecc1ca2a,Jennifer Lawrence
IWZ96DDF,Skylar Grey
IWZ96E8B,Ryan Tedder
476f8cae-9c45-11e5-b5c8-001eecc1ca2a,Sonny Wilson
IWZAW67Z,Sam Martin
IWZAWD7E,Beardyman
4b8f1326-9c45-11e5-8f7f-001eecc1ca2a,Kaz James
IWZ9DDOO,Glowinthedark
IWZ97D8B,Birdy
4dccaaa4-9c45-11e5-932b-001eecc1ca2a,Jaymes Young
IWZ98ZED,Sammy Adams
IWZ97BF8,Bonnie Mckee
IWZAU7WD,Zella Day
IWZ98DOE,Fedde Le Grand
5a0a0b94-9c45-11e5-ad21-001eecc1ca2a,Julian Perretta
IWZA09ID,Dimitri Vegas
IWZ9C9E8,Mike Will
5a97c5a8-9c45-11e5-9b6f-001eecc1ca2a,W&W
IWZAZ8AA,Wolfpack
IWZ96WAA,Katy B
IWZAOWWW,MOGUAI
IWZAWD9B,Vinai
IWZ9ZFDU,Ummet Ozcan
IWZ9CUZO,Fiora
IWZ9E69C,Gareth Emery
5e6187d4-9c45-11e5-a1b9-001eecc1ca2a,Christina Novelli
IWZ98ECE,DJ Pauly D
IWZ96W99,Jay Sean
IWZ98DOC,Nicky Romero
IWZ9AIAB,Krewella
5fea11e4-9c45-11e5-beba-001eecc1ca2a,Lauren Evans
IWZ9DF7O,Dirty South
IWZ9DF7U,Ruben Haze
IWZ9AEBF,Matthew Koma
IWZ9CE0D,Miriam Bryant
IWZ98CEC,Aleesia
IWZ99W96,Sander Van Doorn
68c97068-9c45-11e5-aab8-001eecc1ca2a,Matisse & Sadko
IWZ9Z90F,Keith Urban
IWZ9ZBFO,Miranda Lambert
6f48e650-9c45-11e5-9d5e-001eecc1ca2a,Mo Pitney
IWZ9Z69A,Dierks Bentley
IWZAOIW8,Chase Rice
IWZ9Z7E9,Jake Owen
71cab6d0-9c45-11e5-895c-001eecc1ca2a,Cole Swindell
IWZ97W09,Scotty McCreery
IWZAIFIC,Dan + Shay
IWZ976U7,Jana Kramer
IWZ9ZU90,Blake Shelton
IWZ9860Z,Canaan Smith
IWZAUEUW,Kelsea Ballerini
7525b81e-9c45-11e5-b46a-001eecc1ca2a,Maddie & Tae
IWZ9EWIF,Brett Eldredge
7d01d8cc-9c45-11e5-846f-001eecc1ca2a,Monty Lane Allen
IWZ9A7FE,Pistol Annies
IWZ9Z9I9,Kellie Pickler
IWZ9Z0DE,Alan Jackson
IWZAZBCC,Mickey Guyton
7fa49cbe-9c45-11e5-8100-001eecc1ca2a,Cody Johson
IWZ9D80O,Katie Armiger
IWZ98UCF,Brantley Gilbert
IWZ9Z0DW,Aaron Watson
IWZ9ZB9C,SHeDAISY
IWZ9A90O,Wade Bowen
IWZ9CC7E,Kacey Musgraves
IWZ98W0E,Jason Isbell
83e04908-9c45-11e5-be53-001eecc1ca2a,American Young
IWZ9ZA97,Lonestar
IWZ97IUU,Alabama
IWZ9Z8ZW,Jewel
IWZ9ZBFE,Montgomery Gentry
87172150-9c45-11e5-9987-001eecc1ca2a,The Robertsons
IWZ9ZA7B,Michael W. Smith
IWZ9CFF7,The Henningsens
IWZ9CFFZ,Jerrod Niemann
IWZ9ZUBE,Brad Paisley
IWZ9A977,Matthew West
IWZ9ZB09,Sara Evans
IWZ9F79U,Olivia Henken
8a191dcc-9c45-11e5-9063-001eecc1ca2a,Josh Logan
IWZ9Z7U7,Faith Hill
IWZ97CD0,Whitney Duncan
IWZ9DAB0,Suzy Bogguss
8c3abb52-9c45-11e5-8008-001eecc1ca2a,Trypta-Phunk
IWZ9ZFWC,Rascal Flatts
IWZ98OBO,Connie Francis
IWZ9Z899,John Lennon
IWZ9FUEZ,Holly Henry
IWZ98UCB,George Strait
IWZ98UUF,Bill Haley
IWZ97E9E,Bob Wills
IWZ9Z6CO,Dolly Parton
IWZ9679F,Garth Brooks
IWZ9Z8UW,Tim McGraw
IWZ966OF,Willie Nelson
IWZ98IU7,Blue Rodeo
IWZ960OW,Julio Iglesias
IWZ9ZDU6,Terri Clark
IWZ98AD9,Ashley Monroe
IWZ97A9U,Easton Corbin
9c9d8186-9c45-11e5-84e5-001eecc1ca2a,Taylor Henderson
IWZ9Z860,Jo Dee Messina
IWZ96U86,The Moffatts
a0bb2e3e-9c45-11e5-a44d-001eecc1ca2a,Dalida
IWZ9A0D6,Teddy Thompson
a34defe2-9c45-11e5-a7d0-001eecc1ca2a,American Authors
IWZ9887C,The Judds
IWZ9AWEC,Colt Ford
IWZ9Z8BB,Josh Turner
IWZ97EF8,The Civil Wars
IWZ96WUO,The Band Perry
IWZ96A88,Wale
IWZA07EZ,DeJ Loaf
IWZ97E8E,Kidd Kidd
IWZA00WD,Lil' Wayne
adbf9b9c-9c45-11e5-b8c2-001eecc1ca2a,E-40
IWZAOIWZ,Bobby Shmurda
IWZ9CACA,Rich Homie Quan
IWZ96B06,Lil Boosie
b3196954-9c45-11e5-994f-001eecc1ca2a,Kraak & Smaak
b3233cee-9c45-11e5-8704-001eecc1ca2a,Ben Westbeech
b378126c-9c45-11e5-8a31-001eecc1ca2a,Celestina
b38109e2-9c45-11e5-94e1-001eecc1ca2a,Bianca Raquel
b3cd72cc-9c45-11e5-a8fe-001eecc1ca2a,Dirtcaps
b4211d90-9c45-11e5-a0ba-001eecc1ca2a,Zeds Dead
IWZ96DE0,Waka Flocka Flame
IWZ98BA8,Nerd
IWZ9ZDAF,OK Go
IWZ98ZU7,Mayer Hawthorne
IWZA00WD,Lil' Wayne
b7dffffe-9c45-11e5-9633-001eecc1ca2a,Fitz
IWZ9A7OD,Azad
IWZ9B69A,Danny Mercer
IWZ9B699,TJR
c1a81ff6-9c45-11e5-9b5e-001eecc1ca2a,Famous To Most
c237d59e-9c45-11e5-ad64-001eecc1ca2a,Fito Blanko
IWZAWFD9,J Balvin
IWZ98BWE,French Montana
IWZAU97U,Nicky Jam
IWZ966O7,DJ Shadow
IWZ967FC,Mos Def
IWZ98AE0,Prince Royce
IWZ9C9D0,Young Thug
IWZA00WD,Lil' Wayne
IWZ9ZIIF,50 Cent
IWZA00WD,Lil' Wayne
d813dd24-9c45-11e5-b77f-001eecc1ca2a,B.G.
IWZ96BZI,Bei Maejor
IWZ990D7,The Alchemist
IWZ9Z6CI,DMX
IWZ96CCC,Diddy Dirty Money
IWZ9ZEA7,Will.i.am
IWZ9EZED,Moptop
IWZ9Z8ZO,Jibbs
IWZ96D7F,Far East Movement
IWZ96ZB7,Arash
IWZ9799W,Zephyr
IWZ96C0A,Ester Dean
IWZ96OCU,Plan B
e5fc10fe-9c45-11e5-9e54-001eecc1ca2a,DJ Sneak
IWZ96OF6,Seether
IWZ9ZII9,30 Seconds To Mars
IWZ9ZZ77,Kings Of Leon
IWZ96IEW,Daughtry
IWZ96W7I,Hinder
IWZ9ZC0E,My Chemical Romance
IWZ9Z79O,Green Day
IWZ9Z8OW,Van Halen
IWZ960B8,Skid Row
IWZ9ZD9F,Oasis
IWZ9ZDO0,Nirvana
IWZ9ZIUF,Aerosmith
IWZ9ZAZE,Metallica
IWZ9ZECB,Queen
IWZ9ZUAA,Bon Jovi
IWZ96U80,The Cranberries
IWZ96UWW,Skillet
IWZ9Z7UF,Fefe Dobson
IWZ9ZZ60,Cher
IWZ98IDD,The Gathering
IWZ9ZEAA,Within Temptation
IWZ98OA8,Eric Martin
IWZ9980A,Bastille
IWZ9ZEFD,Radiohead
IWZ9Z0D7,Adam Lambert
IWZ9ZA66,Michael Bublé
IWZ9A6BF,Badfinger
IWZ9CW6Z,Lee Mallory
1e59d1e6-9c46-11e5-9aca-001eecc1ca2a,Руки Bверх (Hands Up)
IWZ988BD,Sonic Boom Six
IWZ98BAI,Thousand Foot Krutch
IWZ9ZDBZ,One Republic
IWZ9ZW7O,Daniel Powter
IWZ9Z6Z7,David Bowie
IWZ960OB,Yngwie Malmsteen
IWZ9ZDBZ,One Republic
IWZ9ZWF6,Andy Williams
IWZ97BB6,Johnny Mathis
2fac106c-9c46-11e5-b859-001eecc1ca2a,The Waitresses
30503446-9c46-11e5-961d-001eecc1ca2a,Jona Lewie
IWZ98ZII,Tom Hanks
3109f1b6-9c46-11e5-8877-001eecc1ca2a,Jonn Lennon
IWZ9ZZCZ,Cliff Richard
IWZ968EB,Peggy Lee
IWZ969Z0,Chicago
IWZ9680I,Everything But The Girl
IWZ96I8B,Band Aid
IWZ9Z8ZI,Jethro Tull
IWZ9AU0A,Alma Cogan
IWZ9Z8B9,Josh Groban
IWZ9ZDB8,Otis Redding
IWZ9Z6WO,Dannii Minogue
IWZ97I7F,East 17
IWZ9CE06,Steeleye Span
IWZ9666I,Frankie Goes to Hollywood
39031386-9c46-11e5-a315-001eecc1ca2a,Wizzard
IWZ966I7,The Pogues
IWZ9Z99U,Kirsty MacColl
IWZ9ZC68,Pet Shop Boys
IWZ9ZEOE,Pretenders
IWZ9Z67Z,Dean Martin
IWZ989ZO,Brenda Lee
3eb3bade-9c46-11e5-93c0-001eecc1ca2a,Mud
IWZ97I7D,Chris De Burgh
IWZ966O9,The Ronettes
41ac1e48-9c46-11e5-ab0a-001eecc1ca2a,James Corden
IWZ97B77,Bobby Helms
IWZ9ZCO0,Nat King Cole
IWZ9CU79,Nguyệt Hằng
IWZ9Z8IU,Đình Văn
IWZ9ZD0A,Ngọc Linh
IWZ97O78,Thu Ngọc
IWZA6WEC,Phương Thảo
IWZ9AF96,Ngọc Lê
IWZ96F87,Bé Bảo An
IWZ97FAZ,Bé Phương Nhi
531ce25a-9c46-11e5-9e90-001eecc1ca2a,Nhóm Hoa Tay
IWZAWW7U,Bé Nhật Lan Vy
IWZ9ZOF6,Nguyễn Phi Hùng
549692ba-9c46-11e5-915f-001eecc1ca2a,Bé Hiếu Kiên
54e62e42-9c46-11e5-8d63-001eecc1ca2a,Bé Nguyên Khang
553315a4-9c46-11e5-9285-001eecc1ca2a,Bé Bảo Ngân
IWZAUB0E,Hồng Hải (Nhóm Tin Tin)
IWZ9ZBAZ,Mắt Ngọc
IWZ9CUDW,Nhóm Mây Hồng
IWZ97O6Z,Cao Tấn Chương
IWZ9CU7O,Tốp Ca
IWZ9CZUE,Nhóm Mùa Đông
IWZAZ6Z9,Robin Gia Bảo
6fc22470-9c46-11e5-a946-001eecc1ca2a,Bé Bạch Lê Quỳnh Anh
723fa0c6-9c46-11e5-9395-001eecc1ca2a,Bé Y Jang Hary
IWZ96F87,Bé Bảo An
IWZ96F87,Bé Bảo An
IWZ96F87,Bé Bảo An
IWZ96F87,Bé Bảo An
IWZ96F87,Bé Bảo An
IWZ96F87,Bé Bảo An
IWZ96F87,Bé Bảo An
IWZ96F87,Bé Bảo An
IWZ96F87,Bé Bảo An
IWZ96F87,Bé Bảo An
IWZ96F87,Bé Bảo An
IWZ96F87,Bé Bảo An
IWZ97FA9,Miss Sàn Nhạc
IWZ97FA8,Mister Sàn Nhạc
IWZ97FA6,Bé Nhựt Linh
IWZ97FA7,Bé Thanh Tuyền
IWZ97FAU,Bé An Nhi
IWZ97FAO,Bé Tường Vy
IWZ9Z0AO,Khánh Ngọc
IWZ97FAW,Bé Triệu Vy
IWZ97OUZ,Tốp Ca Thiếu Nhi
IWZ980Z7,Yến Hương
IWZ98Z09,Khiết Ngọc
IWZ9A866,Mộng Nhi
IWZAOZWE,Bé Anh Thư
IWZ98W8I,Bé Kim Hồng
IWZ9ZW67,Hồng Nhung
IWZ9ZCED,Xuân Nghi
IWZ9ZUWZ,Mộng Thi
933f45a8-9c46-11e5-81dd-001eecc1ca2a,Quỳnh Chi (Đồ Rê Mí 2007)
IWZ96EFB,NSƯT Thành Lộc
IWZAZDZA,Bé Minh Thư
IWZ97786,Tố Hà
IWZ97OUA,Diễm Quyên
IWZAZEUW,Bé Như Quỳnh
IWZ98O8U,Phi Long
9fa85f26-9c46-11e5-ba41-001eecc1ca2a,Thảo Anh (Nhóm Mắt Nai)
IWZ9ZIAA,5 Dòng Kẻ
IWZ9Z8Z9,Nguyên Thảo
IWZ9ZOZ9,Đức Tuấn
IWZ9Z7CA,Hoàng Lê Vi
IWZ98OWE,Nguyễn Thị Huyền
IWZ96FZ9,Toàn Nguyễn
IWZ988B6,Giang Trang
IWZ9ZC0Z,Tấn Sơn
IWZ9ZWU9,Mỹ Lệ
IWZ9CZ9E,Hoàng Ngân
IWZ96WD9,Trịnh Vĩnh Trinh
IWZ9ZWB6,Cẩm Vân
IWZ96ZD9,Tam Ca 3A
IWZ9ZCF0,Xuân Phú
IWZ9ZOB9,Ngọc Lan
IWZ9ZDOI,Hoàng Nhật Minh
IWZ96EBB,Tuyết Thanh
IWZ9ZA96,Công Trứ
IWZ97FUW,Ẩn  Lan
IWZ99AAO,Quỳnh Anh
IWZ9C0EI,Kim Ánh
IWZ97FUW,Ẩn  Lan
IWZ99UUW,Nguyễn Tuấn
IWZ969FZ,Lan Phương
IWZ9ZW8Z,Phương Thanh
IWZ9ZW9U,Elvis Phương
IWZ9ZW7B,Khánh Ly
IWZ96WUW,Trịnh Công Sơn
IWZ9ZW8D,Tuấn Vũ
IWZA0B9W,Phương Thùy (Nhóm Phù Sa)
IWZ9ZZIE,Nguyễn Đình Toàn
IWZ9ZOC0,Tuấn Hưng
IWZ9ZOBZ,Mây Trắng
IWZ96ZDD,Thái Hòa
IWZ9ZDO8,Lô Thủy
IWZ968UC,Minh Chuyên
IWZ9ZUA8,Vũ Khanh
IWZ9Z0AI,Hồng Ngọc
IWZ98OWD,Trương Lệ Vân
IWZA0AI6,Cao Cẩm Tú
IWZ97U66,Mr Sol
IWZ9808D,KanCC
IWZAWDWC,The Boom
IWZ9CA88,Mastic
IWZ96AF7,Zugi
0f279e7e-9c47-11e5-9928-001eecc1ca2a,Goldfeezy
IWZ9BCWE,Kick
IWZ9DU9F,Imagine
IWZ9F0DZ,YunjBoo
10cbe92e-9c47-11e5-9137-001eecc1ca2a,MinGo
IWZ97OEE,Lee7
IWZ9CEOC,Lâm Nguyễn
119cb05c-9c47-11e5-af72-001eecc1ca2a,Jukey Bùi
11a87e7a-9c47-11e5-85f5-001eecc1ca2a,Yobo Hoàng Anh
IWZ9D80D,BlackBi
12265a54-9c47-11e5-b051-001eecc1ca2a,Vinh Râu
IWZAW98Z,Trang
IWZAZ608,TAO
166df2a6-9c47-11e5-a466-001eecc1ca2a,Lil' Kani
IWZ96U0C,Eddy Việt
IWZ9ZCCF,Ưng Đại Vệ
IWZ9ZOB8,Ngô Thanh Vân
IWZ9Z76A,Phương Anh
1a348ac0-9c47-11e5-9720-001eecc1ca2a,JayTee
IWZ97OFC,LinhKent
IWZ9Z9ZD,Đăng Khôi
IWZ97WE9,Bueno
IWZ9C7Z9,VinC
IWZ9C0DU,TeA
33ee8da4-9c47-11e5-a928-001eecc1ca2a,Lil Wind
IWZ9B70W,ItsLee
IWZAZ608,TAO
36756d9e-9c47-11e5-8f4c-001eecc1ca2a,Bãoz
IWZ9DE0E,Roy P
IWZ9CC9Z,Will (365DaBand)
3720e1b0-9c47-11e5-bae0-001eecc1ca2a,ZS Binak
376f4eec-9c47-11e5-9fb2-001eecc1ca2a,STO
384388b8-9c47-11e5-a997-001eecc1ca2a,R.I.C.K
IWZ978ZA,Spy
IWZ96FEW,Kimjoonshjn
IWZ96FE0,Le Thao Lee
IWZ9AADE,TinyC
3b013488-9c47-11e5-aba8-001eecc1ca2a,B-Wine
IWZ9B6BC,Thanh Nguyễn
IWZ98Z0O,Jay V
IWZ9DF7W,Spulez Band
IWZ99UD8,Pjpo
IWZ97766,Bobbie
IWZ9EEU8,Phutoro
IWZAU6UE,Am1r
IWZAU9FI,Zunny Trần
491cc200-9c47-11e5-9393-001eecc1ca2a,Goctoi
IWZ997BZ,BDT
IWZ9ZBO7,Anh Khang
4e76cb52-9c47-11e5-81f9-001eecc1ca2a,Joker's Rule
IWZ968UZ,Titanium
IWZ97UOU,Nguyễn Hồng Thuận
IWZ9F69I,Thùy Dương
IWZ96CAZ,Phạm Anh Khoa
IWZ96FZB,Thủy Triều Đỏ
IWZ97AO6,Hà Văn Đông
IWZ9ZBBU,Minh Thư
IWZ9Z79I,Kasim Hoàng Vũ
IWZ9Z9W7,Brother A Tuấn Anh
IWZ9ZEC7,Ngũ Cung
IWZ969A6,Từ Hiền Trang
IWZ96BFU,Huy Kid
IWZ9EW8U,Võ Nhật Anh
IWZ98CCI,Bùi Văn Quyền
IWZ9ZF0F,Y Moan
a7b38330-9c47-11e5-938b-001eecc1ca2a,WhiteNoiz
bc9f4ec8-9c47-11e5-820e-001eecc1ca2a,DJ Amenking
IWZ9BCUA,Helen Trần
IWZAUEB9,DJ DSmall
IWZ9FWBO,BeeBB
IWZA6ZOI,MastaL
IWZA0UD6,Đỗ Minh Quân
IWZA6I9I,Bá Hưng
IWZAUEB9,DJ DSmall
IWZ9ZW78,Hoàng Châu
IWZ977ZC,Lam  Anh
IWZ977ZC,Lam  Anh
IWZ977ZC,Lam  Anh
IWZ977ZC,Lam  Anh
IWZ977ZC,Lam  Anh
IWZ977ZC,Lam  Anh
IWZ977ZC,Lam  Anh
IWZ9A67U,Tường Khuê
IWZ96FUI,Hoàng Lan
IWZA0B9W,Phương Thùy (Nhóm Phù Sa)
eda2eea6-9c47-11e5-90f0-001eecc1ca2a,Trúc Linh – Trúc Lam
IWZ976EF,Trường Sơn
IWZ9ZUWO,Ngọc Hạ
IWZAUDB9,Vũ Bảo Đạt
f2518e92-9c47-11e5-af0d-001eecc1ca2a,Xuân Hùng
IWZ9ZF86,Huy Luân
IWZ9EBDI,Quốc Sỹ
IWZAZICO,Nhóm Nam Việt
IWZ97F08,Lý Diệu Linh
IWZ9DIIO,Thiên Quang
IWZAIEB0,Văn Anh
IWZ9ZZAW,Phạm Khánh Hưng
IWZ9ZBDI,Jimmii Nguyễn
IWZ9ZC7W,Phùng Ngọc Huy
IWZ9ZB9F,Mai Phương
IWZ9ZZBO,Hồ Trung Dũng
IWZ9ZD6I,Nguyễn Hoàng Nam
IWZAOIUI,Kim Linh
IWZ9ZBIC,Vương Hải
IWZAUFO8,Triệu Việt Quân
IWZA67FD,J.T Hữu Toàn
IWZA677D,Hồng Chinh
IWZA6IWF,Hoàng Tuấn Kiệt
IWZ9887I,Trương Khải Minh
IWZAO0WI,Phạm Thiên Huy
IWZ9DDO6,Lâm Onbi
IWZA680O,Phương Dung
IWZ990EA,Huỳnh Minh Anh
08850a3e-9c48-11e5-8cb2-001eecc1ca2a,Raper SMO
IWZ98A78,Đỗ Xuân Sơn
IWZ9ZC8O,Khưu Huy Vũ
IWZAZ8U7,Phạm Anh Duy
IWZAZ8UA,Nguyễn Kiều Anh
IWZAZEFW,Bé Hà Vy
IWZ96BUE,Lưu Minh Tuấn
IWZ988ZW,Jim Brickman
1c52cce2-9c48-11e5-a462-001eecc1ca2a,Kang Chae Yi
IWZ9ZU9F,Dia
IWZ9ZAO0,M to M
IWZ9ZU98,Byul
IWZ96B77,Group S
IWZ97I8B,Song Ji Eun
IWZ9ZAWF,Monday Kiz
IWZ97U00,Luna (fx)
2204cf08-9c48-11e5-a6db-001eecc1ca2a,Heart B
22586d88-9c48-11e5-9913-001eecc1ca2a,Park Soo-Jin
IWZ96WCD,Kyu Hyun
IWZ9ZWBI,J
IWZAZF0C,Wax
24359c0c-9c48-11e5-9a7a-001eecc1ca2a,J-Walk
IWZAZU6W,N.Flying
IWZAIDBF,HIGH4
IWZ9DI6A,History
265040ec-9c48-11e5-b2e3-001eecc1ca2a,SEVENTEEN
26aa1702-9c48-11e5-9bd0-001eecc1ca2a,Eun Ji-won
IWZ9CUZI,Eric Nam
IWZ98C0D,Park Ji Min
IWZ9868I,SPEED
IWZ9ZDAB,Seo In Young
IWZ9D77C,Boys Republic
IWZ9Z9OW,Lee Seung Chul
29dc74b6-9c48-11e5-a620-001eecc1ca2a,HaLo
2af2541a-9c48-11e5-abef-001eecc1ca2a,Bumkey
2b6c0682-9c48-11e5-9ad3-001eecc1ca2a,SLEEPY
IWZ9Z978,MBLAQ
IWZ9AUFA,Melody Day
IWZ9Z7O6,TEEN TOP
IWZ9Z608,Lee Seung Gi
IWZ9Z89A,Kim Tae Woo
IWZ96F8U,Sojin
IWZ9CE7I,Hong Dae Kwang
IWZ9Z8EU,Lyn
IWZ98Z8E,Tiger JK
31b6e98c-9c48-11e5-a2b2-001eecc1ca2a,Yoonmirae
322b6f98-9c48-11e5-baff-001eecc1ca2a,G.Soul
IWZAWF8E,Yook Sung Jae
32f3fa54-9c48-11e5-8ad1-001eecc1ca2a,Namjoo (A Pink)
IWZ976DA,Aliee
IWZ98C09,Baek Ah Yeon
345642cc-9c48-11e5-a679-001eecc1ca2a,Mamamoo
IWZ98FIO,Sunny Days
IWZ97CFF,MJ
IWZ966CF,Elsie (Eunjung)
37f9b410-9c48-11e5-aae3-001eecc1ca2a,Kim Tae Bum
IWZ9709O,Kang Seung Yoon
IWZ99A6B,Acoustic Collabo
IWZ9D77B,Philtre
IWZ9Z7O7,Younha
IWZ96ZAD,Lee Hyun
IWZ9ZA7E,Nell
3bb143e2-9c48-11e5-bfb1-001eecc1ca2a,Gavy N.J
IWZ9ZWC8,Lee Jong Hyun
3c893b46-9c48-11e5-b2e9-001eecc1ca2a,Stella Jang
IWZ9ZA8U,Na Yoon Kwon
IWZ96WZ9,Na Woon Joo
3d898df4-9c48-11e5-a7f3-001eecc1ca2a,Bernard Park
IWZ9Z8EF,Lena Park
IWZ9CFFE,Cheetah
IWZ97EE0,Stellar
IWZ9ZW7Z,TVXQ
IWZAUW66,Sonamoo
4498afd4-9c48-11e5-8765-001eecc1ca2a,Jung Seung Hwan
IWZ960DF,Leessang
IWZ96F7E,Suzy
IWZ9E9CE,NC.A
IWZ98EII,HELLOVENUS
IWZ976CF,Primary
47964b82-9c48-11e5-a257-001eecc1ca2a,ChoA (AOA)
IWZ966CE,Miryo
496da79c-9c48-11e5-b4b8-001eecc1ca2a,Legend
IWZ9Z69D,Wonder Girls
IWZ976A0,Bread
IWZ9769F,Jimmy Ruffin
IWZ9ZBI9,Sarah McLachlan
IWZ96OCO,Plain White T's
IWZ9ZZ0O,James Blunt
IWZ9ZZ0U,James Morrison
IWZ9Z6E7,Duffy
IWZ9ZW7I,Daniel Merriweather
IWZ9ZW6W,Amy Winehouse
IWZ96ABU,Blue October
IWZ9ZCIZ,Nada Surf
IWZ9ZZIZ,Carly Simon
IWZ9Z87I,Van Morrison
IWZ967U9,Nina Simone
IWZ9ZAF8,Thalia
IWZ9ZZAC,John Mayer
70c911a2-9c48-11e5-a856-001eecc1ca2a,DJ King Lady
IWZ96U08,Phan Thiên Ngân
IWZ9CUWA,Hương Giang Idol
IWZ96EAA,Khắc Minh
IWZ9CE6D,OPlus
IWZ9ZBUE,Dương 565
IWZ9Z976,NSƯT Quỳnh Liên
IWZ9ZDFC,Nhất Sinh
IWZAOA6Z,Lê Tiến Ngọc
IWZ9FC86,Nhóm X.O.N
IWZ96IU0,Y Jang Tuyn
IWZ9Z967,Nam Khánh
IWZAOW98,Khánh Hồng
IWZ98UB8,Kim Phượng
ad49fd54-9c48-11e5-8a9e-001eecc1ca2a,Duy Khôi
IWZAI9DZ,Minh Uyên
IWZ9ZD97,Vân Khánh
b437d036-9c48-11e5-8ca6-001eecc1ca2a,CLB Ngôi Sao Trẻ
IWZ9ZUC9,Hải Yến
IWZ9C0DO,Trịnh Phương Nam
IWZAZ9OB,Minh Quân
IWZ9Z98O,Huỳnh Lợi
IWZ96DEZ,Tuấn Khanh
IWZ9Z8OB,Anh Bằng
b86953d2-9c48-11e5-ab8b-001eecc1ca2a,Hoài Phúc
IWZ9ZFAU,Diệu Hiền
IWZ96F6F,Võ Hạ Trâm
b9c1957a-9c48-11e5-ac2b-001eecc1ca2a,Nhóm Áo Lính
IWZ9Z8D0,Anh Thúy
IWZ968A8,Trang Nhung
IWZ96ZEI,Thái Thùy Linh
IWZ97WU8,Thanh Vinh
IWZ97IDE,Trang Anh Thơ
IWZ97DAZ,BoM
IWZ96ACB,Artista Band
IWZ97DAZ,BoM
IWZ9ZB86,Hoàng Hải Đăng
IWZ9ZBII,Dương Quốc Hưng
IWZ966WW,Lâm Minh Huy
IWZ980F6,Nhóm Trường Sa
IWZ96UUE,Steps
d5ffd02e-9c48-11e5-a1d7-001eecc1ca2a,Spencer Lee
IWZ96WD8,Lucky Twice
IWZ9ZFOF,Triệu Lộc
IWZ9ZFBI,Phù Sa
IWZ96O6U,Anh Tài
IWZ96ZEF,Thanh Xuân
e6b14262-9c48-11e5-93cd-001eecc1ca2a,Yến Trang - Yến Nhi
IWZ9ZDOE,Lương Chí Cường
IWZ97CF9,Việt Quang
IWZ970C9,Leo Hee
IWZ97F7C,Tâm Minhon
IWZ9Z9UE,Cao Minh
IWZ9ZD9E,Tạ Minh Tâm
IWZ9Z97O,Quang Lý
IWZ97Z8I,Tô Thanh Phương
IWZ9ZIA9,3 Con Mèo
IWZ976Z7,Đông Thiên Đức
IWZ9ZDA6,Phạm Nhật Huy
IWZ97IE0,Khucmay
IWZ96FO8,A Tuân
IWZ9A7Z9,Kyo York
IWZ9ZBZA,Hải Nguyên
IWZ98WI7,Tùy Phong
IWZA0O8B,Âu Bảo Ngân
IWZ987UI,Nguyễn Trần Trung Quân
IWZ96F9W,Hùng Thanh
01a35a78-9c49-11e5-a586-001eecc1ca2a,Jace Everett
0236050c-9c49-11e5-8f2d-001eecc1ca2a,Keni Thomas
IWZ976I8,Craig Campbell
02f9f448-9c49-11e5-89fd-001eecc1ca2a,Holly Dunn
IWZ9ZBCE,Sheryl Crow
IWZAZDIC,Bee Duy Lâm
IWZ9FZ6Z,Vân Du
IWZAW9CI,Uyên Nguyên
IWZ9Z7C7,Bích Tuyền
09b8f3a8-9c49-11e5-9e9a-001eecc1ca2a,DJ Turbo
IWZ9ZOB6,Mỹ Huyền
IWZ97EZD,Doãn Minh
IWZ97EZD,Doãn Minh
IWZ9ZE7B,Nguyễn Tâm
IWZAIOUI,Tuấn Cường
IWZ96EF0,Thanh Vũ
IWZ98BWU,Lưu Hưng
IWZAZD06,Thuý An
IWZ97U6D,Thu Dung
IWZ9CEW8,Tuấn Khương
IWZ9AF7D,Phương Hiền
IWZ9697D,Nguyễn Hương Ly
IWZ97EI7,Đường Tuấn Khang
IWZ96UIZ,Cao Trung
IWZAZUD6,Phạm Phước Tài
IWZAUU7D,Hồ Việt Lâm
IWZAZW6B,Tuấn Phong
IWZ9ZW7E,Lệ Thủy
IWZ9ZDAO,Minh Vương
IWZ96DDA,Châu Thanh
IWZ960UB,Phượng Liên
IWZ9AFIZ,Thế Vũ
IWZ98Z8F,Sky Nguyễn
IWZ9DBB6,Ngô Huy Đồng
IWZ97690,Khánh Đoan
IWZ9E9AW,Trung Tự
IWZ98EDZ,Hoàng Trang
IWZ96F87,Bé Bảo An
IWZ97EBC,Kendrick Lamar
IWZ9Z0A8,Paramore
IWZ9Z70B,Elvis Crespo
IWZ9BBDB,Maluma
IWZ96IEI,Daryl Hall
IWZ9ZF0C,Vangelis
IWZ9BF69,Herbert Gronemeyer
474186b4-9c49-11e5-a9a7-001eecc1ca2a,Amadou Bagayoko
484177c6-9c49-11e5-a6b1-001eecc1ca2a,David Correy
IWZAOEI6,Phạm Hồng Biển
IWZ9CE6D,OPlus
IWZ978E7,Quốc Cường
4e12db50-9c49-11e5-9577-001eecc1ca2a,AC&M
4eb6dea4-9c49-11e5-90c9-001eecc1ca2a,N.P. Thùy Trang
IWZ988A7,Laidback Luke
IWZAZ8C6,DVBBS
IWZAO6WW,Vicetone
561783de-9c49-11e5-919c-001eecc1ca2a,Daniel Gidlund
5744ec4c-9c49-11e5-9331-001eecc1ca2a,MC Ambush
IWZ97F0D,Lý Mân
IWZ9Z0AF,Dương Thừa Lâm
IWZ96OIF,Kha Hữu Luân
IWZ9ZOUZ,Vương Nhược Lâm
IWZ9998F,Trương Huyền
IWZ9868F,Bành Giai Tuệ
IWZ9Z0BC,Vương Lực Hoành
IWZ9Z0B7,Thái Y Lâm
IWZ9A6U7,Thái Mân Hữu
IWZ96OIB,Ngôn Thừa Húc
IWZ9ZIOI,Mạc Văn Úy
IWZ9ZIFA,Trương Lương Dĩnh
IWZ98EWU,Kimberley
IWZ97EU7,Lâm Dục Quần
IWZ9Z6AO,Sg wannabe
IWZ9Z89U,Kim Jong Wook
IWZ9ZZAF,FT Island
IWZ97AB6,Jung Chul
IWZ9ZWIE,Bada
IWZ9600I,Jang Geun Seuk
692a3734-9c49-11e5-a5e3-001eecc1ca2a,V.O.S
IWZ9ZAWI,Park Bom
IWZ9Z9O9,Lee Juck
IWZ980BB,7 Princess
IWZ9ZA70,Narsha
IWZ9Z89W,Kim Jong Kook
IWZ9ZWIU,Brown Eye Soul
IWZ96WOA,Park Hye Kyung
IWZ9Z09E,Rain
IWZ9Z87U,SeeYa
IWZ9ZD86,Yurisangja
IWZ98UCU,An Dy
IWZ9ZEDF,Ngô Duy Khiêm
IWZ9ZBOO,Alx Kim Hoàng
IWZ9ZBUO,Băng Di
IWZ98CC6,Nguyễn Bá Phú Quý
7c0e1412-9c49-11e5-ac69-001eecc1ca2a,Giang Đẫm
IWZAZDD9,Huyền Anh (Bà Tưng)
IWZAU880,Trần Mỹ Ngọc
IWZ9ZDEB,Peter Cetera
IWZ99I60,Karyn White
IWZ9ZADF,Sade
IWZ9ZCOC,Simply Red
IWZ998UW,Debbie Gibson
IWZ97WB6,Lauren Wood
IWZ9ZZUB,Chaka Khan
IWZ97BE9,Atlantic Starr
IWZ99IZE,Tommy Page
IWZ9ZZFF,Cyndi Lauper
IWZAU889,Hồ Nam
IWZAU89Z,Thái Quang
IWZA0Z0A,Isaac Thái
IWZ9DDF9,1DEE
IWZ9ZB8C,Miko Lan Trinh
IWZ9ZZAO,Phương Vy
IWZ9867O,Bona
IWZ9BOW6,Hà Thúy Anh
IWZ98O6D,Khánh Won
IWZ98CB9,Đông Hùng
IWZ997CF,Nguyễn Khánh Phương Linh
IWZ9ZCFB,Nick Lachey
IWZ96W9F,JLS
IWZ97OOD,Andru Donalds
IWZ9ZEA7,Will.i.am
IWZ9Z9CB,Mario
IWZ9ZCB9,Trà My Idol
IWZ966DF,Dionne Warwick
b8a7cbe6-9c49-11e5-b865-001eecc1ca2a,Che'Nelle
IWZ9DZ7A,Ivy
IWZ9ZWUW,Lưu Bích
IWZ9ZB7W,Quốc Minh
IWZ9CCCD,H2 Band
IWZ97E68,Nam Hee
IWZ9ZBZE,Nguyễn Hải Yến
IWZ9Z8B0,Joni Mitchell
IWZ96ZC0,Jimmy Cliff
IWZ9ZA67,Michael Franti
IWZ96D8D,Spearhead
IWZ96W9O,Jack Johnson
IWZ9ZZDD,Corinne Bailey Rae
IWZAZ7B7,Lazlo Bane
IWZ9ZAU6,McFly
IWZ9ZAD9,S Club 7
IWZ9ZE98,Vitamin C
IWZ9Z78Z,Girls Aloud
IWZ9Z7FW,James Taylor
IWZ98BI9,Ane Brun
e47407ba-9c49-11e5-bb7d-001eecc1ca2a,Bahari
e4c6f61c-9c49-11e5-b203-001eecc1ca2a,Katja Petri
e512a8ba-9c49-11e5-9cfa-001eecc1ca2a,Daniela Andrade
e56081ec-9c49-11e5-80e6-001eecc1ca2a,Megan Davies
e642c63a-9c49-11e5-909e-001eecc1ca2a,Gardiner Sisters
IWZ9ZO69,Arctic Monkeys
IWZ96OE0,Robyn
ecd041e6-9c49-11e5-b425-001eecc1ca2a,Majid Jordan
ed7f21cc-9c49-11e5-a33c-001eecc1ca2a,P. Diddy
IWZ98U76,Montell Jordan
IWZ98F0F,Kevin Lyttle
IWZ9ZZ0W,Jamelia
IWZ97D7I,Shaggy
IWZ9ZCI0,Mya
IWZ9Z9IO,Kelis
IWZ96AOE,Eve
IWZ9ZCEO,New Kids On The Block
IWZ96WUE,Five
IWZ9ZCCE,Sugababes
IWZ96W7Z,Human Nature
IWZAZE8E,Tatu
IWZ9ZDAF,OK Go
IWZ9Z699,Dido
IWZA00WD,Lil' Wayne
IWZA00WD,Lil' Wayne
IWZ9ZODZ,Cobra Starship
IWZ9ZBD0,Shinedown
IWZ9ZOO9,Kid Cudi
IWZ96A6F,T.I.
IWZ96ABD,Kevin Rudolf
IWZA00WD,Lil' Wayne
2a10fb82-9c4a-11e5-89ab-001eecc1ca2a,Jimmy Nguyễn
IWZ979OE,Vân Trường
IWZ9BCU9,Lâm Chi Khanh
IWZ9BCU9,Lâm Chi Khanh
IWZ9BCU9,Lâm Chi Khanh
IWZ9BCU9,Lâm Chi Khanh
IWZ9Z9FE,Trần Tâm
IWZ9ZB7D,Khang Việt
IWZ9Z687,The Bells
IWZ9ZW7C,La Sương Sương
IWZ9ZIZZ,Lâm Nhật Tiến
IWZ969AI,Triệu Trang
IWZ9Z0E8,Thành Long
4edde176-9c4a-11e5-a307-001eecc1ca2a,Kim Hee Sun
IWZ9ZBUZ,Cao Mỹ Kim
IWZ97WED,Song Luân
IWZ9ZBBA,Ngân Khánh
IWZ9ZDWO,Gia Hân
IWZ97DBB,Lam Trang
IWZ98068,Tú Nguyễn
IWZ97AA7,Nguyên Lê
IWZ9ZUWO,Ngọc Hạ
IWZ9ZD8B,Mai Tuấn
IWZ96EAB,Hà My
IWZ9ZW86,Tâm Đoan
IWZ9CO7I,Dương Trường Giang
IWZ9DO97,Trần Ngọc Khanh
IWZAU9AA,Huỳnh Phan Trọng Quỳnh
IWZ9FBUD,Hoàng Kỳ Nam
IWZAU9AA,Huỳnh Phan Trọng Quỳnh
IWZ96EBE,Duy Trường
IWZ9ZU0Z,Trần Thái Hòa
IWZ96C86,Bích Phương
IWZ97AW0,Vỹ Thái
IWZ9DO8B,Khánh Lâm
IWZ97WUO,Tuấn Quỳnh
IWZ9D89Z,Thái Thanh Hiệp
IWZ989ID,Đình Bảo
IWZ96U6Z,Huỳnh Gia Tuấn
IWZ96DD6,Mai Quốc Huy
IWZ9Z09C,Khánh Hà
IWZ9D9CD,K.Na
a6015ddc-9c4a-11e5-8842-001eecc1ca2a,Rick
IWZAUDW6,Kendy
IWZ9C8I9,Mr.Shyn
IWZAUEFD,Nuk
IWZAUEFE,NK
a80114cc-9c4a-11e5-a557-001eecc1ca2a,RiC
IWZ9BBEW,Only T
IWZ978F7,Emcee L
a933e374-9c4a-11e5-949d-001eecc1ca2a,Mel.G
IWZ98678,G.Plus
a9e608f4-9c4a-11e5-8ae3-001eecc1ca2a,Linh Su
ab73e35c-9c4a-11e5-a56d-001eecc1ca2a,Lil' TVK
ab7f7918-9c4a-11e5-9ba2-001eecc1ca2a,Denz
ac166df0-9c4a-11e5-ba11-001eecc1ca2a,SillySK
IWZ9DIUO,Dotop
ac83862c-9c4a-11e5-b4ad-001eecc1ca2a,Kindy A
acd350dc-9c4a-11e5-9730-001eecc1ca2a,Tracy Thảo My
IWZ9DAUZ,Lion Boy
IWZ98ODO,Ricky Star
IWZA0CIU,Eszi
IWZ97608,Zenky
afbe012e-9c4a-11e5-b653-001eecc1ca2a,Black Murder
IWZ96FC8,Young H
IWZ98E9I,SilverX
b18bfbd4-9c4a-11e5-bb4c-001eecc1ca2a,Libra & Big Boo
IWZ97OA8,Phú Hunter
b30e0b92-9c4a-11e5-8b30-001eecc1ca2a,Xi Rô
IWZAZ608,TAO
b4021de4-9c4a-11e5-ac93-001eecc1ca2a,Sol Bass
IWZ96FZF,Cá Chép
b4ca143a-9c4a-11e5-b5c8-001eecc1ca2a,ParSG
IWZAZ8CI,Cỏ Dại
b5eeb6a6-9c4a-11e5-80b3-001eecc1ca2a,S.O.S
b68571e6-9c4a-11e5-9b3d-001eecc1ca2a,2K
IWZAZW0Z,Yoon
b70319f6-9c4a-11e5-a3eb-001eecc1ca2a,QN
IWZ9BU69,LT
IWZAZ7AB,Nguyễn Diệu Mi
bb0fcdf4-9c4a-11e5-b0b2-001eecc1ca2a,SoutFlo
IWZAZ6OD,Đa Sắc
IWZAZ608,TAO
bcfa6a86-9c4a-11e5-ac61-001eecc1ca2a,S.O
IWZAZAI6,Daddy Lee
bd28612c-9c4a-11e5-aca1-001eecc1ca2a,StillaD
IWZ9988U,VomPC
bd9bcdfe-9c4a-11e5-acd1-001eecc1ca2a,Juki AT
IWZ9FC89,Linh RV
IWZAZI8U,BigTee
be6e4062-9c4a-11e5-8869-001eecc1ca2a,Mr Gyn
IWZA608E,Cam
IWZAUI8E,Fantom
IWZ9E09F,SpaceSpeakers
IWZAOAZZ,B Ray
c1231852-9c4a-11e5-b538-001eecc1ca2a,A.T.L.
IWZ986WU,DN
IWZA608E,Cam
IWZ979E6,Hata
c405f45e-9c4a-11e5-a22d-001eecc1ca2a,Trần Trọng Hiếu
IWZAZEUU,Magazine
IWZ9CD8U,KraziNoyze
IWZAUEWO,T-Rabbit
IWZ96E7D,Trọng Nguyễn
IWZ9B9WZ,JM
IWZAZ608,TAO
c9e8571a-9c4a-11e5-b09d-001eecc1ca2a,15&
IWZ96ZAB,Jea
IWZ9FWBD,Baro
IWZ97F7W,Naul
IWZ9ABBI,Niel
IWZ960Z6,Xiah Junsu
IWZ9ZOW6,Hong Jin Young
IWZ9DWB0,Moon Myung Jin
IWZ9Z97B,MC Mong
d035f406-9c4a-11e5-b37a-001eecc1ca2a,Mad Clown
IWZAUUW8,Jin Sil (Mad Soul Child)
d0c72278-9c4a-11e5-8f75-001eecc1ca2a,McKay
IWZ9Z69E,Shinhwa
d354cbe2-9c4a-11e5-ad95-001eecc1ca2a,Sung Hoon (Brown Eyed Soul)
d3a5e726-9c4a-11e5-a892-001eecc1ca2a,Jung Ah (After School)
IWZ9B7UU,Han Dong Geun
d41ade4a-9c4a-11e5-87ff-001eecc1ca2a,OH MY GIRL
d46a43a8-9c4a-11e5-8c36-001eecc1ca2a,BASTARZ
IWZ96F8Z,Jang Woo Young
d5dba098-9c4a-11e5-9b36-001eecc1ca2a,M&D
IWZAUEBE,CLC
d74db6cc-9c4a-11e5-bf8b-001eecc1ca2a,Hyunseung (BEAST)
IWZ9B9DC,Shin Bora
IWZ9ZWCZ,Jinusean
d859ad9e-9c4a-11e5-b8a1-001eecc1ca2a,Jang Hanna
IWZ9Z7OZ,Sweet Sorrow
IWZ9789U,Ben
IWZ9ZWDZ,Kim Dong Wan
IWZ96WZ6,Lee Min Ho
df2e00b8-9c4a-11e5-baad-001eecc1ca2a,HIGHBROW
IWZ96WBE,Shin Seung Hoon
IWZ9ZCIB,Sơn Ca
e171c394-9c4a-11e5-b3f7-001eecc1ca2a,AOA Black
IWZ9DBDC,The Minions
e422b512-9c4a-11e5-a117-001eecc1ca2a,Team B
IWZ97U9W,Bi
IWZ9CE8W,Win
IWZ9CE8W,Win
e5b7cb30-9c4a-11e5-8042-001eecc1ca2a,Mai Anh G.O
IWZ988ID,Raina
IWZ99F67,Jang Yoon Jung
IWZ969F8,Huh Gak
e7fe0982-9c4a-11e5-bab1-001eecc1ca2a,1PUNCH
IWZAZF0C,Wax
IWZ97U7A,Siwon
IWZAZF0C,Wax
edbabff6-9c4a-11e5-8e35-001eecc1ca2a,M.A.P6
ef04af6e-9c4a-11e5-9e21-001eecc1ca2a,myB
IWZ99A8A,TAHITI
efd98178-9c4a-11e5-ba5a-001eecc1ca2a,Monsta X
IWZ9ZA8F,Navi
f1c29990-9c4a-11e5-b08d-001eecc1ca2a,Oh Hyuk
IWZ9600U,Lee Hong Ki
IWZ986ZA,Gil
IWZ96OC0,Paris Hilton
IWZ96A9E,Birdman
IWZ98COC,Giorgio Moroder
IWZ986D9,Arty
IWZA07EZ,DeJ Loaf
IWZA00WD,Lil' Wayne
IWZ96O9E,Neon Trees
IWZ9ZOW8,Kat Deluna
IWZ96ICC,The Chemical Brothers
IWZ9COIO,Machine Gun Kelly
ff008bc0-9c4a-11e5-9811-001eecc1ca2a,Victoria Monet
00339d7e-9c4b-11e5-8dfe-001eecc1ca2a,Mumford & Sons
01318f76-9c4b-11e5-b2f9-001eecc1ca2a,Sonna Rele
IWZ9ZUIO,Beck
IWZ96DAF,Mohombi
091a5c88-9c4b-11e5-aa3e-001eecc1ca2a,Wisin
IWZ9ZBWO,Savannah Outen
IWZ96W6U,Gloriana
IWZAOZDC,Matt McAndrew
IWZ96WC9,Little Boots
IWZ9BUBW,Disclosure
IWZAIEFF,Gregory Porter
IWZ9FUEI,Jacquie Lee
IWZ96DCI,Jessica Sutta
IWZ97A9O,Rico Love
IWZ987I9,Gabrielle Aplin
0dd4d59a-9c4b-11e5-8d8a-001eecc1ca2a,Foy Vance
IWZAZUIO,Bea Miller
IWZ96OCC,Ray J
IWZA00WD,Lil' Wayne
0f0f51f6-9c4b-11e5-931d-001eecc1ca2a,Evan Ross
IWZ96IAZ,Brandon Flowers
IWZ9ZEAE,Wynter Gordon
IWZ9CAUB,Big Freedia
144affd2-9c4b-11e5-a428-001eecc1ca2a,Conchita Wurst
IWZ9ZBE9,Mika
IWZ9ZZZD,Katharine McPhee
IWZ9CUZB,Tamar Braxton
IWZ9EDWI,Ella Eyre
IWZA00WD,Lil' Wayne
IWZ98D7D,Lawson
IWZAZ6WI,Jamie xx
IWZ9DIEZ,Popcaan
IWZA00WD,Lil' Wayne
IWZ9ZI86,Namie Amuro
IWZ9A80U,Melanie Martinez
IWZ97BDI,Jane Zhang
IWZ9ZC0B,Muse
IWZ9Z6EA,Duran Duran
225bf0f0-9c4b-11e5-bb9f-001eecc1ca2a,Nile Rodgers
IWZ98ADF,Of Monsters And Men
IWZ9DFE0,The Mowgli’s
IWZA00WD,Lil' Wayne
IWZ969UI,Hanson
2a38e402-9c4b-11e5-883c-001eecc1ca2a,Daye Jack
IWZ9A7OE,Austin Mahone
3504bab8-9c4b-11e5-8413-001eecc1ca2a,Vũ Vân Anh
IWZAOADI,Khánh Duy Khương
IWZA0AZ7,Hoàng Thiên Thanh
IWZ9AUUB,Chí Bằng
IWZ9FDAU,Lê Vương
IWZ9889A,Châu Ngọc Hiếu
IWZ98IE7,Á Đông
IWZAUFCW,Thanh Hoa
IWZAWF9U,Dương Thanh Sang
IWZAUEZ0,Trí Đức
IWZAWWOC,Quỳnh Như
IWZAUE9Z,Đinh Hùng
IWZAZI8O,Lê Khoa
IWZ9EWF0,Cao Trung Hiếu
IWZAUF6W,Cao Mạnh Thắng
IWZAIFBA,Nhật Thành
IWZAWEB0,Trí Moony
IWZ9BAWO,Thiện Ngôn
IWZ98WZD,Andy Hoàng
IWZ9DCOZ,Long Tứ
IWZ9CUB0,Trường Sinh
IWZAZIOD,Red Boys Band
IWZ988OU,Anh Thư Nguyễn
IWZAU7O0,Mi Jun
IWZ970OE,Yuki Huy Nam
IWZ9Z9ZW,Châu Gia Kiệt
IWZAUDW8,Phương Thu
IWZ9ZCC9,Trịnh Tuấn Vỹ
IWZAZWUZ,Khôi Vỹ
IWZ9BFB6,Mandy Thanh Trúc
IWZAZOB9,Âu Nam Thái
IWZAW900,Đinh Huy
IWZAU8CU,M.A.Y Band
IWZAWUFZ,Lưu Chấn Long
IWZA0B9Z,Khánh Tân
IWZ979OF,Tiểu Doanh
IWZ989FA,Đỗ Phú Quí
IWZ96DO8,Nam Hùng
IWZ9ZDIA,Huỳnh Minh Thủy (Thủy Top)
IWZ9CCZ8,Fawng Daw
IWZAW0UF,Triệu Gia Nghĩa
IWZ97808,Quang Kiều
IWZAZUD8,Ly Ly Trần
IWZAZOI6,Trịnh Thế Phong
IWZAU8U6,Hồ Minh Quân
IWZ97EFW,Đinh Hoàng Quốc
IWZ9CUI0,Khánh Huy
IWZ9A8DB,Lạc Thiên
IWZ97W8Z,Quốc Duy
IWZAUEUF,Danh Hiếu
IWZAO0WI,Phạm Thiên Huy
IWZAOZFW,Duy Khánh Zhou Zhou
IWZ9DZBF,Dương Minh Tuấn
IWZ99ZOE,Akin Vũ
IWZ9FZ67,Đông Nghi (9X)
IWZAZZBD,Kim Thiên Hương
IWZ9AI8Z,Phạm Thế Anh
IWZ9A0O7,Mun Phạm
IWZAZ7WB,Thành Nhân Coco
IWZAZ7WF,Tuấn Thăng
IWZAZ6O6,Trương Thái Thành
IWZAZ7UO,Vỹ Thành
IWZAZ76B,Trương Ny
5b39ebec-9c4b-11e5-81db-001eecc1ca2a,Nguyễn Ngọc Linh Trang
IWZAZ78E,Phương Chi Bảo
IWZA0U78,Y Jalin
IWZAOEW8,Hồ Ái Minh
IWZAZ78D,Lương Chấn Nam
IWZ9ZE7Z,Trung Quân
IWZ9ZDUC,Lưu Gia Bảo
IWZAZ9B0,Hoàng Bảo Phong
IWZ98DCI,Bảo Vy
IWZAI9E9,Khắc Trung
IWZ978F9,Kenny Huỳnh
IWZAW8ZE,Trung Hưng
IWZAWUEO,Jang Phan
IWZAUO99,Đoàn Gia Tuấn
IWZAZ9IA,Pham Pham
IWZ9D89O,Đan Đan
IWZAOF76,Cao Thanh Phúc
IWZAW06B,Bùi Vĩnh Phúc (Hot Boy Kẹo Kéo)
IWZAZBOO,Bảo Huy
IWZAZB6A,Hải Rio
IWZAZ8D0,Tô Tường Vy
IWZ98IEU,Zim P
6b2fb36c-9c4b-11e5-b3e5-001eecc1ca2a,TWENTY
IWZ9C60U,Nguyên Khánh
IWZ97IDA,Lâm Chấn Kiệt
IWZAUFEU,Nguyễn Phú Quý
IWZAIFUW,Hàn Minh
6e7397f8-9c4b-11e5-96f0-001eecc1ca2a,Myku Ho
IWZ9EFOI,Huy Ma
IWZ9ZEE8,Dương Ngọc Đàm
IWZAZO6F,LIME
IWZAI8CI,Hồng Quang
IWZAUA0E,Dương Tuấn Phong
IWZAZI8D,Hạnh Kenny
IWZ9C688,Chấn Hào
IWZA6IUW,Đỗ Tuấn Vũ
IWZ9FFE0,Kai Đinh
IWZ980I7,Việt Vũ
79f1b588-9c4b-11e5-89eb-001eecc1ca2a,Hồng Duyên
IWZAZ9OA,Bích Ngọc
7a647d8a-9c4b-11e5-998c-001eecc1ca2a,La Hoàng Phúc (Mr.La)
IWZA6IUE,Thái Bảo Trâm
IWZA6W0Z,Hy Nam
IWZA6OZO,Phạm Hồng Thúy Vân
IWZ98FOC,Trần Ánh Huy
7d040bc0-9c4b-11e5-a0cf-001eecc1ca2a,Đỗ Thiên Bình
IWZA6WED,Tina Phượng
IWZA6OCA,Huyền Hương
IWZ97CDD,Trịnh Thiên Ân
81ad79f4-9c4b-11e5-8e52-001eecc1ca2a,NAhy
IWZ96C88,Phương Anh Idol
IWZ96IA8,Blue Duy Linh
IWZAWIW6,Ngọc Khanh
IWZ9Z87O,Đinh Ứng Phi Trường
IWZ99UZF,Nipe
IWZ98UUO,Đỗ Thụy Khanh
IWZ968Z8,Tiêu Châu Như Quỳnh
IWZ968ZD,Hồ Vĩnh Khoa
a1673da4-9c4b-11e5-9d06-001eecc1ca2a,Helen
IWZ9Z7UW,Quách Thành Danh
IWZAZOEA,Thảo Hồ
IWZ966WZ,Trần Tuấn Lương
IWZ9EUCW,Bee.T
IWZ9ZFEI,Quang Mẫn
IWZ9Z970,Nguyên Vũ
IWZ9ZIZO,Lâm Chấn Huy
IWZ96Z0U,Lâm Chấn Hải
IWZAZDWO,Tino
IWZ99ICO,Minh Dung
IWZ9ZF9D,Nhật Thy
IWZ9ZC0W,Nathan Lee
IWZAZE7O,Ngọc Việt Idol
IWZ9Z8ZB,Nguyễn Ngọc Anh
IWZ97ZOU,Andy Quách
IWZ99B0Z,Lê Xuân Nghi
